task_0-10/pick_heat_then_place_in_recep/trial_T20190908_205050_000947/28.jpg	{"objects": [{"rect": [26, 251, 126, 300], "class": "Cabinet"}, {"rect": [0, 257, 31, 300], "class": "Drawer"}, {"rect": [0, 85, 133, 185], "class": "Microwave"}, {"rect": [161, 1, 299, 300], "class": "Fridge"}]}
task_0-10/pick_heat_then_place_in_recep/trial_T20190908_205050_000947/21.jpg	{"objects": [{"rect": [26, 251, 126, 300], "class": "Cabinet"}, {"rect": [0, 257, 31, 300], "class": "Drawer"}, {"rect": [0, 85, 133, 186], "class": "Microwave"}, {"rect": [161, 1, 299, 300], "class": "Fridge"}]}
task_0-10/pick_heat_then_place_in_recep/trial_T20190908_205050_000947/23.jpg	{"objects": [{"rect": [26, 251, 126, 300], "class": "Cabinet"}, {"rect": [0, 257, 31, 300], "class": "Drawer"}, {"rect": [0, 85, 133, 185], "class": "Microwave"}, {"rect": [161, 1, 299, 300], "class": "Fridge"}, {"rect": [45, 131, 65, 156], "class": "Egg"}]}
task_0-10/pick_heat_then_place_in_recep/trial_T20190908_205050_000947/16.jpg	{"objects": [{"rect": [181, 90, 229, 97], "class": "Spoon"}, {"rect": [13, 7, 47, 41], "class": "Tomato"}, {"rect": [236, 170, 299, 214], "class": "Cabinet"}, {"rect": [84, 20, 299, 112], "class": "Sink"}, {"rect": [276, 147, 299, 172], "class": "Drawer"}, {"rect": [0, 11, 299, 139], "class": "CounterTop"}, {"rect": [163, 65, 166, 101], "class": "Spatula"}, {"rect": [114, 59, 256, 101], "class": "SinkBasin"}, {"rect": [140, 100, 157, 132], "class": "SaltShaker"}, {"rect": [96, 101, 123, 131], "class": "Egg"}, {"rect": [167, 1, 193, 19], "class": "Faucet"}]}
task_0-10/pick_heat_then_place_in_recep/trial_T20190908_205050_000947/27.jpg	{"objects": [{"rect": [26, 251, 126, 300], "class": "Cabinet"}, {"rect": [0, 257, 31, 300], "class": "Drawer"}, {"rect": [0, 85, 133, 185], "class": "Microwave"}, {"rect": [161, 1, 299, 300], "class": "Fridge"}, {"rect": [45, 131, 65, 156], "class": "Egg"}]}
task_0-10/pick_heat_then_place_in_recep/trial_T20190908_205050_000947/4.jpg	{"objects": [{"rect": [0, 131, 48, 217], "class": "WineBottle"}, {"rect": [0, 151, 103, 300], "class": "DiningTable"}, {"rect": [222, 1, 299, 242], "class": "Fridge"}]}
task_0-10/pick_heat_then_place_in_recep/trial_T20190908_205050_000947/0.jpg	{"objects": [{"rect": [229, 147, 299, 300], "class": "DiningTable"}, {"rect": [162, 210, 232, 300], "class": "Chair"}]}
task_0-10/pick_heat_then_place_in_recep/trial_T20190908_205050_000947/6.jpg	{"objects": [{"rect": [189, 51, 211, 163], "class": "Cabinet"}, {"rect": [230, 1, 299, 60], "class": "Microwave"}, {"rect": [236, 24, 299, 300], "class": "Fridge"}]}
task_0-10/pick_heat_then_place_in_recep/trial_T20190908_205050_000947/24.jpg	{"objects": [{"rect": [26, 251, 126, 300], "class": "Cabinet"}, {"rect": [0, 257, 31, 300], "class": "Drawer"}, {"rect": [0, 85, 133, 186], "class": "Microwave"}, {"rect": [161, 1, 299, 300], "class": "Fridge"}]}
task_0-10/pick_heat_then_place_in_recep/trial_T20190908_205050_000947/5.jpg	{"objects": [{"rect": [0, 269, 17, 300], "class": "WineBottle"}, {"rect": [0, 212, 89, 300], "class": "DiningTable"}, {"rect": [229, 1, 299, 285], "class": "Fridge"}]}
task_0-10/pick_heat_then_place_in_recep/trial_T20190908_205050_000947/26.jpg	{"objects": [{"rect": [26, 251, 126, 300], "class": "Cabinet"}, {"rect": [0, 257, 31, 300], "class": "Drawer"}, {"rect": [0, 85, 133, 186], "class": "Microwave"}, {"rect": [161, 1, 299, 300], "class": "Fridge"}]}
task_0-10/pick_heat_then_place_in_recep/trial_T20190908_205050_000947/11.jpg	{"objects": [{"rect": [172, 37, 213, 51], "class": "StoveBurner"}, {"rect": [222, 70, 299, 159], "class": "Cabinet"}, {"rect": [105, 33, 146, 50], "class": "StoveBurner"}, {"rect": [0, 155, 82, 300], "class": "DiningTable"}, {"rect": [220, 18, 299, 61], "class": "CounterTop"}, {"rect": [171, 9, 259, 44], "class": "Pot"}]}
task_0-10/pick_heat_then_place_in_recep/trial_T20190908_205050_000947/7.jpg	{"objects": [{"rect": [149, 95, 199, 154], "class": "Cabinet"}, {"rect": [192, 69, 219, 189], "class": "Cabinet"}, {"rect": [149, 66, 203, 94], "class": "Drawer"}, {"rect": [0, 18, 299, 93], "class": "CounterTop"}, {"rect": [239, 1, 299, 85], "class": "Microwave"}, {"rect": [245, 107, 299, 300], "class": "Fridge"}]}
task_0-10/pick_heat_then_place_in_recep/trial_T20190908_205050_000947/12.jpg	{"objects": [{"rect": [6, 57, 24, 73], "class": "Potato"}, {"rect": [218, 118, 291, 179], "class": "Cabinet"}, {"rect": [266, 115, 299, 222], "class": "Cabinet"}, {"rect": [110, 34, 243, 69], "class": "Sink"}, {"rect": [236, 88, 299, 118], "class": "Drawer"}, {"rect": [0, 31, 299, 79], "class": "CounterTop"}, {"rect": [0, 2, 46, 61], "class": "Toaster"}, {"rect": [159, 61, 160, 64], "class": "Spatula"}, {"rect": [133, 59, 215, 64], "class": "SinkBasin"}, {"rect": [144, 53, 154, 76], "class": "SaltShaker"}, {"rect": [118, 54, 133, 76], "class": "Egg"}]}
task_0-10/pick_heat_then_place_in_recep/trial_T20190908_205050_000947/19.jpg	{"objects": [{"rect": [35, 168, 80, 279], "class": "Cabinet"}, {"rect": [53, 132, 135, 223], "class": "Cabinet"}, {"rect": [18, 136, 58, 228], "class": "Drawer"}, {"rect": [0, 1, 135, 84], "class": "Microwave"}, {"rect": [159, 1, 299, 197], "class": "Fridge"}]}
task_0-10/pick_heat_then_place_in_recep/trial_T20190908_205050_000947/25.jpg	{"objects": [{"rect": [26, 251, 126, 300], "class": "Cabinet"}, {"rect": [0, 257, 31, 300], "class": "Drawer"}, {"rect": [0, 85, 133, 186], "class": "Microwave"}, {"rect": [161, 1, 299, 300], "class": "Fridge"}]}
task_0-10/pick_heat_then_place_in_recep/trial_T20190908_205050_000947/29.jpg	{"objects": [{"rect": [26, 251, 126, 300], "class": "Cabinet"}, {"rect": [0, 257, 31, 300], "class": "Drawer"}, {"rect": [0, 85, 133, 186], "class": "Microwave"}, {"rect": [161, 1, 299, 300], "class": "Fridge"}]}
task_0-10/pick_heat_then_place_in_recep/trial_T20190908_205050_000947/9.jpg	{"objects": [{"rect": [0, 85, 48, 122], "class": "Bread"}, {"rect": [0, 81, 95, 300], "class": "DiningTable"}, {"rect": [206, 1, 299, 28], "class": "CounterTop"}]}
task_0-10/pick_heat_then_place_in_recep/trial_T20190908_205050_000947/31.jpg	{"objects": [{"rect": [120, 159, 168, 166], "class": "Spoon"}, {"rect": [277, 86, 296, 112], "class": "PepperShaker"}, {"rect": [197, 242, 299, 293], "class": "Cabinet"}, {"rect": [263, 260, 299, 300], "class": "Cabinet"}, {"rect": [9, 97, 226, 181], "class": "Sink"}, {"rect": [216, 217, 299, 244], "class": "Drawer"}, {"rect": [0, 90, 299, 208], "class": "CounterTop"}, {"rect": [103, 136, 110, 169], "class": "Spatula"}, {"rect": [54, 131, 194, 169], "class": "SinkBasin"}, {"rect": [55, 168, 76, 201], "class": "SaltShaker"}, {"rect": [111, 55, 129, 96], "class": "Faucet"}]}
task_0-10/pick_heat_then_place_in_recep/trial_T20190908_205050_000947/2.jpg	{"objects": [{"rect": [63, 116, 84, 176], "class": "Knife"}, {"rect": [81, 81, 94, 108], "class": "PepperShaker"}, {"rect": [0, 87, 11, 110], "class": "Plate"}, {"rect": [0, 70, 10, 82], "class": "Spatula"}, {"rect": [192, 59, 269, 88], "class": "Bread"}, {"rect": [48, 56, 61, 81], "class": "Fork"}, {"rect": [155, 112, 230, 122], "class": "Knife"}, {"rect": [120, 102, 155, 174], "class": "Cup"}, {"rect": [263, 99, 299, 171], "class": "WineBottle"}, {"rect": [0, 58, 299, 280], "class": "DiningTable"}, {"rect": [246, 94, 274, 124], "class": "Apple"}, {"rect": [117, 63, 168, 89], "class": "Plate"}, {"rect": [12, 101, 37, 142], "class": "ButterKnife"}, {"rect": [186, 114, 223, 146], "class": "Tomato"}, {"rect": [125, 95, 157, 108], "class": "DishSponge"}]}
task_0-10/pick_heat_then_place_in_recep/trial_T20190908_205050_000947/10.jpg	{"objects": [{"rect": [0, 123, 29, 166], "class": "Bread"}, {"rect": [0, 112, 89, 300], "class": "DiningTable"}, {"rect": [212, 7, 299, 42], "class": "CounterTop"}]}
task_0-10/pick_heat_then_place_in_recep/trial_T20190908_205050_000947/17.jpg	{"objects": [{"rect": [181, 90, 229, 97], "class": "Spoon"}, {"rect": [13, 7, 47, 41], "class": "Tomato"}, {"rect": [236, 170, 299, 214], "class": "Cabinet"}, {"rect": [84, 20, 299, 112], "class": "Sink"}, {"rect": [276, 147, 299, 172], "class": "Drawer"}, {"rect": [0, 11, 299, 139], "class": "CounterTop"}, {"rect": [163, 65, 166, 101], "class": "Spatula"}, {"rect": [114, 59, 256, 101], "class": "SinkBasin"}, {"rect": [140, 100, 157, 132], "class": "SaltShaker"}, {"rect": [167, 1, 193, 19], "class": "Faucet"}]}
task_0-10/pick_heat_then_place_in_recep/trial_T20190908_205050_000947/15.jpg	{"objects": [{"rect": [180, 159, 228, 166], "class": "Spoon"}, {"rect": [25, 86, 56, 115], "class": "Tomato"}, {"rect": [245, 242, 299, 293], "class": "Cabinet"}, {"rect": [85, 97, 299, 181], "class": "Sink"}, {"rect": [283, 219, 299, 244], "class": "Drawer"}, {"rect": [0, 90, 299, 208], "class": "CounterTop"}, {"rect": [163, 136, 166, 169], "class": "Spatula"}, {"rect": [114, 131, 255, 169], "class": "SinkBasin"}, {"rect": [140, 168, 157, 201], "class": "SaltShaker"}, {"rect": [96, 170, 122, 200], "class": "Egg"}, {"rect": [166, 55, 189, 96], "class": "Faucet"}]}
task_0-10/pick_heat_then_place_in_recep/trial_T20190908_205050_000947/1.jpg	{"objects": [{"rect": [224, 77, 299, 300], "class": "DiningTable"}, {"rect": [153, 141, 224, 286], "class": "Chair"}]}
task_0-10/pick_heat_then_place_in_recep/trial_T20190908_205050_000947/13.jpg	{"objects": [{"rect": [56, 39, 78, 60], "class": "Tomato"}, {"rect": [0, 83, 5, 99], "class": "Potato"}, {"rect": [225, 149, 299, 209], "class": "Cabinet"}, {"rect": [278, 178, 299, 262], "class": "Cabinet"}, {"rect": [104, 50, 257, 96], "class": "Sink"}, {"rect": [248, 118, 299, 148], "class": "Drawer"}, {"rect": [0, 46, 299, 109], "class": "CounterTop"}, {"rect": [0, 16, 34, 85], "class": "Toaster"}, {"rect": [160, 80, 162, 89], "class": "Spatula"}, {"rect": [127, 78, 224, 89], "class": "SinkBasin"}, {"rect": [143, 79, 154, 105], "class": "SaltShaker"}, {"rect": [113, 81, 131, 104], "class": "Egg"}, {"rect": [162, 13, 179, 49], "class": "Faucet"}]}
task_0-10/pick_heat_then_place_in_recep/trial_T20190908_205050_000947/18.jpg	{"objects": [{"rect": [180, 159, 228, 166], "class": "Spoon"}, {"rect": [25, 86, 56, 115], "class": "Tomato"}, {"rect": [245, 242, 299, 293], "class": "Cabinet"}, {"rect": [85, 97, 299, 181], "class": "Sink"}, {"rect": [283, 219, 299, 244], "class": "Drawer"}, {"rect": [0, 90, 299, 208], "class": "CounterTop"}, {"rect": [163, 136, 166, 169], "class": "Spatula"}, {"rect": [114, 131, 255, 169], "class": "SinkBasin"}, {"rect": [140, 168, 157, 201], "class": "SaltShaker"}, {"rect": [166, 55, 189, 96], "class": "Faucet"}]}
task_0-10/pick_heat_then_place_in_recep/trial_T20190908_205050_000947/30.jpg	{"objects": [{"rect": [15, 214, 72, 300], "class": "Cabinet"}, {"rect": [34, 179, 130, 263], "class": "Cabinet"}, {"rect": [0, 184, 43, 300], "class": "Drawer"}, {"rect": [0, 5, 133, 117], "class": "Microwave"}, {"rect": [160, 1, 299, 229], "class": "Fridge"}]}
task_0-10/pick_heat_then_place_in_recep/trial_T20190908_205050_000947/8.jpg	{"objects": [{"rect": [149, 119, 205, 179], "class": "Cabinet"}, {"rect": [196, 92, 235, 222], "class": "Cabinet"}, {"rect": [16, 34, 150, 69], "class": "Sink"}, {"rect": [149, 88, 210, 118], "class": "Drawer"}, {"rect": [0, 31, 299, 127], "class": "CounterTop"}, {"rect": [249, 1, 299, 110], "class": "Microwave"}, {"rect": [255, 190, 299, 300], "class": "Fridge"}, {"rect": [82, 61, 85, 64], "class": "Spatula"}, {"rect": [54, 59, 139, 64], "class": "SinkBasin"}, {"rect": [44, 53, 56, 76], "class": "SaltShaker"}, {"rect": [18, 54, 35, 76], "class": "Egg"}]}
task_0-10/pick_heat_then_place_in_recep/trial_T20190908_205050_000947/14.jpg	{"objects": [{"rect": [43, 59, 68, 84], "class": "Tomato"}, {"rect": [234, 188, 299, 246], "class": "Cabinet"}, {"rect": [96, 70, 276, 131], "class": "Sink"}, {"rect": [263, 158, 299, 189], "class": "Drawer"}, {"rect": [0, 65, 299, 149], "class": "CounterTop"}, {"rect": [0, 36, 19, 93], "class": "Toaster"}, {"rect": [161, 104, 163, 123], "class": "Spatula"}, {"rect": [121, 101, 237, 123], "class": "SinkBasin"}, {"rect": [142, 115, 155, 144], "class": "SaltShaker"}, {"rect": [106, 117, 127, 143], "class": "Egg"}, {"rect": [164, 31, 183, 69], "class": "Faucet"}]}
task_0-10/pick_heat_then_place_in_recep/trial_T20190908_205050_000947/20.jpg	{"objects": [{"rect": [15, 214, 72, 300], "class": "Cabinet"}, {"rect": [34, 179, 131, 263], "class": "Cabinet"}, {"rect": [0, 184, 43, 300], "class": "Drawer"}, {"rect": [0, 5, 133, 117], "class": "Microwave"}, {"rect": [160, 1, 299, 229], "class": "Fridge"}]}
task_0-10/pick_heat_then_place_in_recep/trial_T20190908_205050_000947/22.jpg	{"objects": [{"rect": [26, 251, 126, 300], "class": "Cabinet"}, {"rect": [0, 257, 31, 300], "class": "Drawer"}, {"rect": [0, 85, 133, 185], "class": "Microwave"}, {"rect": [161, 1, 299, 300], "class": "Fridge"}]}
task_0-10/pick_heat_then_place_in_recep/trial_T20190908_205050_000947/3.jpg	{"objects": [{"rect": [37, 163, 71, 260], "class": "Knife"}, {"rect": [67, 120, 84, 149], "class": "PepperShaker"}, {"rect": [199, 85, 289, 122], "class": "Bread"}, {"rect": [31, 80, 49, 112], "class": "Fork"}, {"rect": [147, 159, 247, 169], "class": "Knife"}, {"rect": [111, 166, 156, 250], "class": "Cup"}, {"rect": [291, 211, 299, 240], "class": "WineBottle"}, {"rect": [0, 81, 299, 300], "class": "DiningTable"}, {"rect": [266, 138, 299, 175], "class": "Apple"}, {"rect": [112, 89, 171, 124], "class": "Plate"}, {"rect": [0, 140, 17, 171], "class": "ButterKnife"}, {"rect": [194, 166, 241, 208], "class": "Tomato"}, {"rect": [120, 133, 159, 150], "class": "DishSponge"}]}
task_0-10/pick_two_obj_and_place/trial_T20190908_190650_163902/28.jpg	{"objects": [{"rect": [281, 1, 299, 10], "class": "ToiletPaper"}, {"rect": [155, 1, 158, 30], "class": "Candle"}, {"rect": [272, 1, 299, 25], "class": "CounterTop"}, {"rect": [53, 118, 80, 178], "class": "Plunger"}, {"rect": [117, 1, 139, 34], "class": "SprayBottle"}, {"rect": [80, 126, 88, 169], "class": "ScrubBrush"}, {"rect": [77, 23, 184, 251], "class": "Toilet"}]}
task_0-10/pick_two_obj_and_place/trial_T20190908_190650_163902/21.jpg	{"objects": [{"rect": [254, 77, 299, 147], "class": "Cabinet"}, {"rect": [193, 77, 296, 147], "class": "Cabinet"}, {"rect": [185, 1, 299, 32], "class": "Sink"}, {"rect": [115, 77, 200, 147], "class": "Cabinet"}, {"rect": [110, 1, 299, 35], "class": "CounterTop"}, {"rect": [0, 1, 32, 172], "class": "Toilet"}]}
task_0-10/pick_two_obj_and_place/trial_T20190908_190650_163902/34.jpg	{"objects": [{"rect": [23, 90, 68, 198], "class": "Cabinet"}, {"rect": [0, 27, 38, 97], "class": "Sink"}, {"rect": [0, 138, 54, 244], "class": "Cabinet"}, {"rect": [0, 23, 57, 105], "class": "CounterTop"}]}
task_0-10/pick_two_obj_and_place/trial_T20190908_190650_163902/23.jpg	{"objects": [{"rect": [0, 161, 59, 255], "class": "Faucet"}, {"rect": [244, 113, 299, 220], "class": "Toilet"}]}
task_0-10/pick_two_obj_and_place/trial_T20190908_190650_163902/39.jpg	{"objects": [{"rect": [204, 173, 218, 180], "class": "SoapBar"}, {"rect": [0, 86, 299, 249], "class": "Bathtub"}, {"rect": [259, 136, 299, 270], "class": "Faucet"}, {"rect": [57, 1, 162, 56], "class": "Towel"}, {"rect": [96, 157, 253, 193], "class": "BathtubBasin"}]}
task_0-10/pick_two_obj_and_place/trial_T20190908_190650_163902/16.jpg	{"objects": [{"rect": [0, 161, 59, 255], "class": "Faucet"}, {"rect": [244, 113, 299, 220], "class": "Toilet"}]}
task_0-10/pick_two_obj_and_place/trial_T20190908_190650_163902/27.jpg	{"objects": [{"rect": [270, 12, 299, 90], "class": "Window"}]}
task_0-10/pick_two_obj_and_place/trial_T20190908_190650_163902/36.jpg	{"objects": [{"rect": [17, 97, 66, 208], "class": "Cabinet"}, {"rect": [0, 143, 52, 273], "class": "Cabinet"}, {"rect": [0, 252, 30, 300], "class": "Cabinet"}, {"rect": [0, 56, 34, 105], "class": "CounterTop"}]}
task_0-10/pick_two_obj_and_place/trial_T20190908_190650_163902/4.jpg	{"objects": [{"rect": [90, 147, 172, 216], "class": "Cabinet"}, {"rect": [0, 1, 178, 18], "class": "Mirror"}, {"rect": [225, 147, 299, 216], "class": "Cabinet"}, {"rect": [5, 147, 103, 216], "class": "Cabinet"}, {"rect": [187, 1, 299, 117], "class": "Cabinet"}, {"rect": [263, 21, 299, 117], "class": "Cabinet"}, {"rect": [0, 40, 115, 107], "class": "Sink"}, {"rect": [0, 156, 34, 216], "class": "Cabinet"}, {"rect": [184, 116, 299, 144], "class": "Drawer"}, {"rect": [31, 1, 60, 41], "class": "Faucet"}, {"rect": [175, 147, 249, 216], "class": "Cabinet"}, {"rect": [145, 36, 147, 66], "class": "Candle"}, {"rect": [0, 50, 193, 110], "class": "CounterTop"}, {"rect": [172, 1, 183, 37], "class": "HandTowel"}, {"rect": [0, 60, 103, 79], "class": "SinkBasin"}]}
task_0-10/pick_two_obj_and_place/trial_T20190908_190650_163902/0.jpg	{"objects": [{"rect": [0, 120, 99, 300], "class": "Bathtub"}, {"rect": [0, 174, 75, 249], "class": "BathtubBasin"}]}
task_0-10/pick_two_obj_and_place/trial_T20190908_190650_163902/6.jpg	{"objects": [{"rect": [67, 247, 181, 300], "class": "Cabinet"}, {"rect": [0, 1, 188, 63], "class": "Mirror"}, {"rect": [245, 246, 299, 300], "class": "Cabinet"}, {"rect": [0, 247, 91, 300], "class": "Cabinet"}, {"rect": [204, 1, 299, 220], "class": "Cabinet"}, {"rect": [0, 93, 104, 207], "class": "Sink"}, {"rect": [0, 295, 4, 300], "class": "Cabinet"}, {"rect": [197, 219, 299, 245], "class": "Drawer"}, {"rect": [0, 30, 32, 100], "class": "Faucet"}, {"rect": [181, 245, 288, 300], "class": "Cabinet"}, {"rect": [143, 94, 147, 130], "class": "Candle"}, {"rect": [0, 98, 214, 214], "class": "CounterTop"}, {"rect": [182, 1, 209, 105], "class": "HandTowel"}, {"rect": [0, 116, 88, 153], "class": "SinkBasin"}]}
task_0-10/pick_two_obj_and_place/trial_T20190908_190650_163902/24.jpg	{"objects": [{"rect": [0, 243, 48, 300], "class": "Faucet"}, {"rect": [254, 140, 299, 257], "class": "Toilet"}]}
task_0-10/pick_two_obj_and_place/trial_T20190908_190650_163902/5.jpg	{"objects": [{"rect": [81, 188, 176, 254], "class": "Cabinet"}, {"rect": [0, 1, 184, 37], "class": "Mirror"}, {"rect": [234, 188, 299, 254], "class": "Cabinet"}, {"rect": [0, 188, 98, 254], "class": "Cabinet"}, {"rect": [194, 1, 299, 159], "class": "Cabinet"}, {"rect": [285, 129, 299, 159], "class": "Cabinet"}, {"rect": [0, 62, 110, 147], "class": "Sink"}, {"rect": [0, 225, 21, 254], "class": "Cabinet"}, {"rect": [189, 158, 299, 186], "class": "Drawer"}, {"rect": [9, 7, 47, 67], "class": "Faucet"}, {"rect": [178, 188, 265, 254], "class": "Cabinet"}, {"rect": [145, 60, 147, 93], "class": "Candle"}, {"rect": [0, 71, 202, 152], "class": "CounterTop"}, {"rect": [176, 1, 192, 64], "class": "HandTowel"}, {"rect": [0, 84, 97, 110], "class": "SinkBasin"}]}
task_0-10/pick_two_obj_and_place/trial_T20190908_190650_163902/26.jpg	{"objects": [{"rect": [249, 1, 299, 56], "class": "Window"}, {"rect": [295, 128, 299, 131], "class": "ToiletPaperHanger"}, {"rect": [281, 255, 299, 300], "class": "Toilet"}]}
task_0-10/pick_two_obj_and_place/trial_T20190908_190650_163902/11.jpg	{"objects": [{"rect": [180, 86, 299, 246], "class": "Bathtub"}, {"rect": [249, 1, 299, 56], "class": "Towel"}, {"rect": [266, 157, 299, 173], "class": "BathtubBasin"}]}
task_0-10/pick_two_obj_and_place/trial_T20190908_190650_163902/7.jpg	{"objects": [{"rect": [67, 247, 181, 300], "class": "Cabinet"}, {"rect": [0, 1, 188, 63], "class": "Mirror"}, {"rect": [245, 246, 299, 300], "class": "Cabinet"}, {"rect": [0, 247, 91, 300], "class": "Cabinet"}, {"rect": [204, 1, 299, 220], "class": "Cabinet"}, {"rect": [0, 93, 104, 207], "class": "Sink"}, {"rect": [0, 295, 4, 300], "class": "Cabinet"}, {"rect": [197, 219, 299, 245], "class": "Drawer"}, {"rect": [0, 30, 32, 100], "class": "Faucet"}, {"rect": [181, 245, 288, 300], "class": "Cabinet"}, {"rect": [0, 98, 214, 214], "class": "CounterTop"}, {"rect": [182, 1, 209, 105], "class": "HandTowel"}, {"rect": [0, 116, 88, 153], "class": "SinkBasin"}]}
task_0-10/pick_two_obj_and_place/trial_T20190908_190650_163902/37.jpg	{"objects": [{"rect": [0, 122, 58, 244], "class": "Cabinet"}, {"rect": [0, 185, 41, 300], "class": "Cabinet"}, {"rect": [0, 1, 40, 83], "class": "Cabinet"}, {"rect": [20, 37, 59, 112], "class": "Drawer"}, {"rect": [31, 86, 69, 184], "class": "Cabinet"}, {"rect": [0, 76, 20, 105], "class": "CounterTop"}]}
task_0-10/pick_two_obj_and_place/trial_T20190908_190650_163902/33.jpg	{"objects": [{"rect": [38, 70, 75, 171], "class": "Cabinet"}, {"rect": [0, 13, 49, 79], "class": "Sink"}, {"rect": [23, 109, 62, 201], "class": "Cabinet"}, {"rect": [0, 12, 64, 95], "class": "CounterTop"}, {"rect": [0, 29, 16, 46], "class": "SinkBasin"}]}
task_0-10/pick_two_obj_and_place/trial_T20190908_190650_163902/41.jpg	{"objects": [{"rect": [257, 147, 299, 216], "class": "Cabinet"}, {"rect": [128, 1, 299, 18], "class": "Mirror"}, {"rect": [194, 147, 291, 216], "class": "Cabinet"}, {"rect": [177, 40, 299, 107], "class": "Sink"}, {"rect": [116, 147, 198, 216], "class": "Cabinet"}, {"rect": [232, 1, 260, 41], "class": "Faucet"}, {"rect": [113, 50, 299, 110], "class": "CounterTop"}, {"rect": [18, 1, 111, 66], "class": "CounterTop"}, {"rect": [67, 1, 101, 24], "class": "SoapBottle"}, {"rect": [34, 1, 74, 45], "class": "ToiletPaper"}, {"rect": [188, 60, 299, 79], "class": "SinkBasin"}, {"rect": [0, 29, 34, 238], "class": "Toilet"}]}
task_0-10/pick_two_obj_and_place/trial_T20190908_190650_163902/38.jpg	{"objects": [{"rect": [199, 148, 211, 151], "class": "SoapBar"}, {"rect": [0, 67, 299, 213], "class": "Bathtub"}, {"rect": [248, 103, 299, 231], "class": "Faucet"}, {"rect": [108, 134, 241, 153], "class": "BathtubBasin"}]}
task_0-10/pick_two_obj_and_place/trial_T20190908_190650_163902/12.jpg	{"objects": [{"rect": [0, 61, 63, 265], "class": "Bathtub"}, {"rect": [274, 137, 299, 236], "class": "Cabinet"}, {"rect": [0, 123, 28, 162], "class": "BathtubBasin"}]}
task_0-10/pick_two_obj_and_place/trial_T20190908_190650_163902/19.jpg	{"objects": [{"rect": [254, 77, 299, 147], "class": "Cabinet"}, {"rect": [191, 78, 289, 203], "class": "Cabinet"}, {"rect": [185, 1, 299, 32], "class": "Sink"}, {"rect": [115, 77, 200, 147], "class": "Cabinet"}, {"rect": [110, 1, 299, 35], "class": "CounterTop"}, {"rect": [0, 1, 32, 172], "class": "Toilet"}]}
task_0-10/pick_two_obj_and_place/trial_T20190908_190650_163902/32.jpg	{"objects": [{"rect": [284, 12, 299, 25], "class": "CounterTop"}, {"rect": [42, 144, 74, 206], "class": "Plunger"}, {"rect": [111, 1, 137, 57], "class": "SprayBottle"}, {"rect": [72, 153, 85, 197], "class": "ScrubBrush"}, {"rect": [65, 42, 189, 297], "class": "Toilet"}]}
task_0-10/pick_two_obj_and_place/trial_T20190908_190650_163902/25.jpg	{"objects": [{"rect": [235, 1, 299, 32], "class": "Window"}, {"rect": [276, 67, 299, 100], "class": "ToiletPaperHanger"}, {"rect": [265, 179, 299, 299], "class": "Toilet"}]}
task_0-10/pick_two_obj_and_place/trial_T20190908_190650_163902/29.jpg	{"objects": [{"rect": [156, 13, 159, 52], "class": "Candle"}, {"rect": [284, 12, 299, 25], "class": "CounterTop"}, {"rect": [42, 144, 74, 206], "class": "Plunger"}, {"rect": [111, 1, 137, 57], "class": "SprayBottle"}, {"rect": [72, 153, 85, 197], "class": "ScrubBrush"}, {"rect": [65, 42, 189, 297], "class": "Toilet"}]}
task_0-10/pick_two_obj_and_place/trial_T20190908_190650_163902/9.jpg	{"objects": [{"rect": [174, 51, 299, 184], "class": "Bathtub"}]}
task_0-10/pick_two_obj_and_place/trial_T20190908_190650_163902/31.jpg	{"objects": [{"rect": [292, 74, 299, 105], "class": "ToiletPaper"}, {"rect": [273, 91, 299, 110], "class": "CounterTop"}, {"rect": [38, 213, 67, 283], "class": "Plunger"}, {"rect": [114, 74, 138, 129], "class": "SprayBottle"}, {"rect": [290, 61, 299, 93], "class": "PaperTowelRoll"}, {"rect": [69, 223, 81, 274], "class": "ScrubBrush"}, {"rect": [65, 115, 187, 300], "class": "Toilet"}]}
task_0-10/pick_two_obj_and_place/trial_T20190908_190650_163902/43.jpg	{"objects": [{"rect": [254, 77, 299, 147], "class": "Cabinet"}, {"rect": [191, 78, 289, 203], "class": "Cabinet"}, {"rect": [185, 1, 299, 32], "class": "Sink"}, {"rect": [115, 77, 200, 147], "class": "Cabinet"}, {"rect": [226, 120, 233, 134], "class": "Candle"}, {"rect": [110, 1, 299, 35], "class": "CounterTop"}, {"rect": [0, 1, 32, 172], "class": "Toilet"}]}
task_0-10/pick_two_obj_and_place/trial_T20190908_190650_163902/2.jpg	{"objects": [{"rect": [0, 61, 93, 277], "class": "Bathtub"}, {"rect": [0, 123, 69, 220], "class": "BathtubBasin"}]}
task_0-10/pick_two_obj_and_place/trial_T20190908_190650_163902/35.jpg	{"objects": [{"rect": [33, 76, 72, 179], "class": "Cabinet"}, {"rect": [4, 113, 61, 232], "class": "Cabinet"}, {"rect": [0, 45, 23, 97], "class": "Sink"}, {"rect": [0, 175, 43, 300], "class": "Cabinet"}, {"rect": [0, 37, 47, 105], "class": "CounterTop"}]}
task_0-10/pick_two_obj_and_place/trial_T20190908_190650_163902/10.jpg	{"objects": [{"rect": [177, 67, 299, 213], "class": "Bathtub"}, {"rect": [275, 134, 299, 140], "class": "BathtubBasin"}]}
task_0-10/pick_two_obj_and_place/trial_T20190908_190650_163902/17.jpg	{"objects": [{"rect": [257, 147, 299, 216], "class": "Cabinet"}, {"rect": [128, 1, 299, 18], "class": "Mirror"}, {"rect": [194, 147, 291, 216], "class": "Cabinet"}, {"rect": [177, 40, 299, 107], "class": "Sink"}, {"rect": [116, 147, 198, 216], "class": "Cabinet"}, {"rect": [232, 1, 260, 41], "class": "Faucet"}, {"rect": [113, 50, 299, 110], "class": "CounterTop"}, {"rect": [18, 1, 111, 66], "class": "CounterTop"}, {"rect": [67, 1, 101, 24], "class": "SoapBottle"}, {"rect": [34, 1, 74, 45], "class": "ToiletPaper"}, {"rect": [188, 60, 299, 79], "class": "SinkBasin"}, {"rect": [0, 29, 34, 238], "class": "Toilet"}]}
task_0-10/pick_two_obj_and_place/trial_T20190908_190650_163902/15.jpg	{"objects": [{"rect": [0, 127, 36, 300], "class": "Bathtub"}, {"rect": [0, 113, 67, 218], "class": "Faucet"}, {"rect": [236, 92, 299, 189], "class": "Toilet"}]}
task_0-10/pick_two_obj_and_place/trial_T20190908_190650_163902/1.jpg	{"objects": [{"rect": [0, 48, 97, 236], "class": "Bathtub"}, {"rect": [0, 105, 75, 182], "class": "BathtubBasin"}]}
task_0-10/pick_two_obj_and_place/trial_T20190908_190650_163902/13.jpg	{"objects": [{"rect": [0, 77, 56, 296], "class": "Bathtub"}, {"rect": [286, 196, 299, 246], "class": "Cabinet"}, {"rect": [0, 144, 18, 174], "class": "BathtubBasin"}]}
task_0-10/pick_two_obj_and_place/trial_T20190908_190650_163902/18.jpg	{"objects": [{"rect": [254, 77, 299, 147], "class": "Cabinet"}, {"rect": [193, 77, 296, 147], "class": "Cabinet"}, {"rect": [185, 1, 299, 32], "class": "Sink"}, {"rect": [115, 77, 200, 147], "class": "Cabinet"}, {"rect": [110, 1, 299, 35], "class": "CounterTop"}, {"rect": [0, 1, 32, 172], "class": "Toilet"}]}
task_0-10/pick_two_obj_and_place/trial_T20190908_190650_163902/30.jpg	{"objects": [{"rect": [292, 74, 299, 105], "class": "ToiletPaper"}, {"rect": [156, 92, 158, 124], "class": "Candle"}, {"rect": [273, 91, 299, 110], "class": "CounterTop"}, {"rect": [38, 213, 67, 283], "class": "Plunger"}, {"rect": [114, 74, 138, 129], "class": "SprayBottle"}, {"rect": [290, 61, 299, 93], "class": "PaperTowelRoll"}, {"rect": [69, 223, 81, 274], "class": "ScrubBrush"}, {"rect": [65, 115, 187, 300], "class": "Toilet"}]}
task_0-10/pick_two_obj_and_place/trial_T20190908_190650_163902/8.jpg	{"objects": [{"rect": [257, 283, 283, 300], "class": "Cabinet"}, {"rect": [216, 181, 276, 300], "class": "Cabinet"}, {"rect": [253, 97, 299, 220], "class": "Sink"}, {"rect": [205, 117, 242, 236], "class": "Cabinet"}, {"rect": [201, 2, 299, 17], "class": "CounterTop"}, {"rect": [277, 1, 299, 13], "class": "SoapBottle"}, {"rect": [232, 1, 255, 8], "class": "ToiletPaper"}]}
task_0-10/pick_two_obj_and_place/trial_T20190908_190650_163902/14.jpg	{"objects": [{"rect": [0, 97, 47, 300], "class": "Bathtub"}, {"rect": [0, 85, 74, 188], "class": "Faucet"}, {"rect": [229, 74, 299, 164], "class": "Toilet"}]}
task_0-10/pick_two_obj_and_place/trial_T20190908_190650_163902/40.jpg	{"objects": [{"rect": [0, 161, 59, 255], "class": "Faucet"}, {"rect": [244, 113, 299, 220], "class": "Toilet"}]}
task_0-10/pick_two_obj_and_place/trial_T20190908_190650_163902/42.jpg	{"objects": [{"rect": [254, 77, 299, 147], "class": "Cabinet"}, {"rect": [193, 77, 296, 147], "class": "Cabinet"}, {"rect": [185, 1, 299, 32], "class": "Sink"}, {"rect": [115, 77, 200, 147], "class": "Cabinet"}, {"rect": [110, 1, 299, 35], "class": "CounterTop"}, {"rect": [0, 1, 32, 172], "class": "Toilet"}]}
task_0-10/pick_two_obj_and_place/trial_T20190908_190650_163902/20.jpg	{"objects": [{"rect": [254, 77, 299, 147], "class": "Cabinet"}, {"rect": [191, 78, 289, 203], "class": "Cabinet"}, {"rect": [185, 1, 299, 32], "class": "Sink"}, {"rect": [115, 77, 200, 147], "class": "Cabinet"}, {"rect": [226, 120, 233, 134], "class": "Candle"}, {"rect": [110, 1, 299, 35], "class": "CounterTop"}, {"rect": [0, 1, 32, 172], "class": "Toilet"}]}
task_0-10/pick_two_obj_and_place/trial_T20190908_190650_163902/22.jpg	{"objects": [{"rect": [257, 147, 299, 216], "class": "Cabinet"}, {"rect": [128, 1, 299, 18], "class": "Mirror"}, {"rect": [194, 147, 291, 216], "class": "Cabinet"}, {"rect": [177, 40, 299, 107], "class": "Sink"}, {"rect": [116, 147, 198, 216], "class": "Cabinet"}, {"rect": [232, 1, 260, 41], "class": "Faucet"}, {"rect": [113, 50, 299, 110], "class": "CounterTop"}, {"rect": [18, 1, 111, 66], "class": "CounterTop"}, {"rect": [67, 1, 101, 24], "class": "SoapBottle"}, {"rect": [34, 1, 74, 45], "class": "ToiletPaper"}, {"rect": [188, 60, 299, 79], "class": "SinkBasin"}, {"rect": [0, 29, 34, 238], "class": "Toilet"}]}
task_0-10/pick_two_obj_and_place/trial_T20190908_190650_163902/3.jpg	{"objects": [{"rect": [98, 116, 169, 186], "class": "Cabinet"}, {"rect": [218, 116, 296, 186], "class": "Cabinet"}, {"rect": [23, 116, 107, 186], "class": "Cabinet"}, {"rect": [182, 1, 272, 86], "class": "Cabinet"}, {"rect": [248, 1, 299, 86], "class": "Cabinet"}, {"rect": [0, 23, 119, 77], "class": "Sink"}, {"rect": [0, 116, 45, 186], "class": "Cabinet"}, {"rect": [180, 86, 299, 113], "class": "Drawer"}, {"rect": [172, 116, 237, 186], "class": "Cabinet"}, {"rect": [146, 18, 147, 46], "class": "Candle"}, {"rect": [0, 33, 182, 79], "class": "CounterTop"}, {"rect": [169, 1, 177, 15], "class": "HandTowel"}, {"rect": [4, 41, 108, 54], "class": "SinkBasin"}]}
task_0-10/pick_two_obj_and_place/trial_T20190908_190650_163902/44.jpg	{"objects": [{"rect": [233, 120, 241, 134], "class": "Candle"}, {"rect": [254, 77, 299, 147], "class": "Cabinet"}, {"rect": [191, 78, 289, 203], "class": "Cabinet"}, {"rect": [185, 1, 299, 32], "class": "Sink"}, {"rect": [115, 77, 200, 147], "class": "Cabinet"}, {"rect": [226, 120, 233, 134], "class": "Candle"}, {"rect": [110, 1, 299, 35], "class": "CounterTop"}, {"rect": [0, 1, 32, 172], "class": "Toilet"}]}
task_0-10/pick_two_obj_and_place/trial_T20190907_151132_176889/28.jpg	{"objects": [{"rect": [37, 226, 72, 251], "class": "Cloth"}, {"rect": [250, 142, 270, 187], "class": "SoapBottle"}, {"rect": [291, 178, 299, 195], "class": "Candle"}, {"rect": [0, 193, 102, 257], "class": "SinkBasin"}, {"rect": [30, 147, 56, 192], "class": "Faucet"}, {"rect": [0, 1, 122, 166], "class": "Mirror"}, {"rect": [0, 189, 121, 261], "class": "CounterTop"}, {"rect": [140, 104, 164, 175], "class": "HandTowel"}, {"rect": [0, 233, 10, 247], "class": "SoapBar"}, {"rect": [128, 261, 147, 283], "class": "ToiletPaper"}, {"rect": [136, 76, 168, 110], "class": "HandTowelHolder"}, {"rect": [269, 181, 289, 197], "class": "ToiletPaper"}, {"rect": [134, 273, 138, 282], "class": "ToiletPaperHanger"}, {"rect": [195, 181, 299, 300], "class": "Toilet"}]}
task_0-10/pick_two_obj_and_place/trial_T20190907_151132_176889/21.jpg	{"objects": [{"rect": [276, 199, 299, 227], "class": "Cloth"}, {"rect": [219, 37, 252, 102], "class": "SoapBottle"}, {"rect": [194, 196, 237, 300], "class": "Cabinet"}, {"rect": [180, 75, 199, 192], "class": "Cabinet"}, {"rect": [228, 96, 299, 245], "class": "SinkBasin"}, {"rect": [186, 123, 214, 263], "class": "Cabinet"}, {"rect": [193, 36, 299, 300], "class": "CounterTop"}, {"rect": [275, 147, 299, 160], "class": "SoapBar"}]}
task_0-10/pick_two_obj_and_place/trial_T20190907_151132_176889/34.jpg	{"objects": [{"rect": [293, 92, 299, 107], "class": "Towel"}, {"rect": [23, 158, 54, 204], "class": "ScrubBrush"}, {"rect": [47, 164, 63, 197], "class": "Plunger"}, {"rect": [0, 161, 166, 300], "class": "Toilet"}]}
task_0-10/pick_two_obj_and_place/trial_T20190907_151132_176889/23.jpg	{"objects": [{"rect": [0, 59, 257, 155], "class": "Bathtub"}, {"rect": [43, 119, 240, 132], "class": "BathtubBasin"}, {"rect": [214, 126, 224, 139], "class": "Candle"}, {"rect": [219, 1, 299, 212], "class": "ShowerCurtain"}]}
task_0-10/pick_two_obj_and_place/trial_T20190907_151132_176889/39.jpg	{"objects": [{"rect": [11, 1, 155, 159], "class": "Cabinet"}, {"rect": [0, 1, 27, 123], "class": "Cabinet"}, {"rect": [10, 87, 38, 138], "class": "SprayBottle"}]}
task_0-10/pick_two_obj_and_place/trial_T20190907_151132_176889/16.jpg	{"objects": [{"rect": [281, 1, 299, 69], "class": "Cabinet"}, {"rect": [0, 55, 110, 300], "class": "Mirror"}]}
task_0-10/pick_two_obj_and_place/trial_T20190907_151132_176889/27.jpg	{"objects": [{"rect": [45, 156, 76, 178], "class": "Cloth"}, {"rect": [250, 72, 274, 118], "class": "SoapBottle"}, {"rect": [290, 109, 299, 127], "class": "Candle"}, {"rect": [7, 232, 120, 300], "class": "Cabinet"}, {"rect": [0, 125, 103, 184], "class": "SinkBasin"}, {"rect": [0, 232, 32, 300], "class": "Cabinet"}, {"rect": [27, 77, 56, 124], "class": "Faucet"}, {"rect": [0, 1, 121, 98], "class": "Mirror"}, {"rect": [0, 120, 130, 187], "class": "CounterTop"}, {"rect": [139, 29, 165, 109], "class": "HandTowel"}, {"rect": [0, 162, 17, 175], "class": "SoapBar"}, {"rect": [142, 233, 192, 298], "class": "GarbageCan"}, {"rect": [134, 1, 170, 36], "class": "HandTowelHolder"}, {"rect": [269, 113, 288, 128], "class": "ToiletPaper"}, {"rect": [125, 162, 127, 174], "class": "ToiletPaperHanger"}, {"rect": [194, 113, 299, 300], "class": "Toilet"}]}
task_0-10/pick_two_obj_and_place/trial_T20190907_151132_176889/45.jpg	{"objects": [{"rect": [293, 92, 299, 107], "class": "Towel"}, {"rect": [23, 158, 54, 204], "class": "ScrubBrush"}, {"rect": [47, 164, 63, 197], "class": "Plunger"}, {"rect": [0, 161, 161, 300], "class": "Toilet"}]}
task_0-10/pick_two_obj_and_place/trial_T20190907_151132_176889/36.jpg	{"objects": [{"rect": [28, 1, 48, 12], "class": "Cabinet"}, {"rect": [273, 122, 299, 132], "class": "TowelHolder"}]}
task_0-10/pick_two_obj_and_place/trial_T20190907_151132_176889/4.jpg	{"objects": [{"rect": [0, 30, 14, 50], "class": "Candle"}, {"rect": [62, 256, 94, 300], "class": "Cabinet"}, {"rect": [0, 202, 57, 300], "class": "CounterTop"}, {"rect": [60, 216, 80, 267], "class": "GarbageCan"}, {"rect": [0, 49, 9, 56], "class": "ToiletPaper"}, {"rect": [68, 109, 75, 131], "class": "Plunger"}, {"rect": [0, 46, 162, 233], "class": "Toilet"}]}
task_0-10/pick_two_obj_and_place/trial_T20190907_151132_176889/46.jpg	{"objects": [{"rect": [0, 47, 243, 129], "class": "Bathtub"}, {"rect": [208, 102, 216, 114], "class": "Candle"}, {"rect": [213, 1, 299, 183], "class": "ShowerCurtain"}]}
task_0-10/pick_two_obj_and_place/trial_T20190907_151132_176889/0.jpg	{"objects": [{"rect": [0, 120, 138, 197], "class": "Bathtub"}, {"rect": [44, 1, 140, 257], "class": "ShowerCurtain"}]}
task_0-10/pick_two_obj_and_place/trial_T20190907_151132_176889/6.jpg	{"objects": [{"rect": [293, 92, 299, 107], "class": "Towel"}, {"rect": [23, 158, 54, 204], "class": "ScrubBrush"}, {"rect": [47, 164, 63, 197], "class": "Plunger"}, {"rect": [0, 161, 166, 300], "class": "Toilet"}]}
task_0-10/pick_two_obj_and_place/trial_T20190907_151132_176889/24.jpg	{"objects": [{"rect": [0, 72, 276, 187], "class": "Bathtub"}, {"rect": [30, 137, 253, 161], "class": "BathtubBasin"}, {"rect": [222, 156, 234, 171], "class": "Candle"}, {"rect": [162, 148, 177, 160], "class": "Cloth"}, {"rect": [226, 43, 299, 247], "class": "ShowerCurtain"}]}
task_0-10/pick_two_obj_and_place/trial_T20190907_151132_176889/5.jpg	{"objects": [{"rect": [276, 17, 299, 81], "class": "Towel"}, {"rect": [0, 263, 71, 300], "class": "GarbageCan"}, {"rect": [36, 130, 58, 166], "class": "ScrubBrush"}, {"rect": [59, 133, 69, 160], "class": "Plunger"}, {"rect": [0, 71, 163, 273], "class": "Toilet"}]}
task_0-10/pick_two_obj_and_place/trial_T20190907_151132_176889/26.jpg	{"objects": [{"rect": [44, 87, 74, 110], "class": "Cloth"}, {"rect": [258, 1, 288, 45], "class": "SoapBottle"}, {"rect": [298, 50, 299, 53], "class": "Candle"}, {"rect": [14, 161, 119, 237], "class": "Cabinet"}, {"rect": [0, 52, 101, 116], "class": "SinkBasin"}, {"rect": [0, 162, 52, 237], "class": "Cabinet"}, {"rect": [15, 1, 50, 51], "class": "Faucet"}, {"rect": [0, 1, 119, 21], "class": "Mirror"}, {"rect": [0, 47, 129, 119], "class": "CounterTop"}, {"rect": [140, 1, 165, 34], "class": "HandTowel"}, {"rect": [0, 93, 14, 107], "class": "SoapBar"}, {"rect": [130, 110, 147, 137], "class": "ToiletPaper"}, {"rect": [156, 152, 189, 195], "class": "GarbageCan"}, {"rect": [278, 39, 297, 56], "class": "ToiletPaper"}, {"rect": [124, 94, 138, 136], "class": "ToiletPaperHanger"}, {"rect": [193, 39, 299, 279], "class": "Toilet"}]}
task_0-10/pick_two_obj_and_place/trial_T20190907_151132_176889/51.jpg	{"objects": [{"rect": [45, 156, 76, 178], "class": "Cloth"}, {"rect": [250, 72, 274, 118], "class": "SoapBottle"}, {"rect": [290, 109, 299, 127], "class": "Candle"}, {"rect": [217, 75, 242, 126], "class": "SprayBottle"}, {"rect": [7, 232, 120, 300], "class": "Cabinet"}, {"rect": [0, 125, 103, 184], "class": "SinkBasin"}, {"rect": [0, 232, 32, 300], "class": "Cabinet"}, {"rect": [27, 77, 56, 124], "class": "Faucet"}, {"rect": [0, 1, 121, 98], "class": "Mirror"}, {"rect": [0, 120, 130, 187], "class": "CounterTop"}, {"rect": [139, 29, 165, 105], "class": "HandTowel"}, {"rect": [0, 162, 17, 175], "class": "SoapBar"}, {"rect": [142, 233, 192, 298], "class": "GarbageCan"}, {"rect": [134, 1, 170, 36], "class": "HandTowelHolder"}, {"rect": [269, 113, 288, 128], "class": "ToiletPaper"}, {"rect": [194, 113, 299, 300], "class": "Toilet"}]}
task_0-10/pick_two_obj_and_place/trial_T20190907_151132_176889/11.jpg	{"objects": [{"rect": [281, 1, 299, 69], "class": "Cabinet"}, {"rect": [0, 55, 110, 300], "class": "Mirror"}, {"rect": [133, 260, 176, 300], "class": "HandTowel"}, {"rect": [126, 212, 182, 273], "class": "HandTowelHolder"}]}
task_0-10/pick_two_obj_and_place/trial_T20190907_151132_176889/7.jpg	{"objects": [{"rect": [0, 160, 45, 224], "class": "Cloth"}, {"rect": [0, 285, 105, 300], "class": "Cabinet"}, {"rect": [0, 112, 81, 239], "class": "SinkBasin"}, {"rect": [0, 71, 15, 111], "class": "Faucet"}, {"rect": [0, 1, 107, 71], "class": "Mirror"}, {"rect": [0, 102, 122, 257], "class": "CounterTop"}, {"rect": [133, 1, 175, 89], "class": "HandTowel"}, {"rect": [123, 181, 147, 218], "class": "ToiletPaper"}, {"rect": [140, 219, 201, 300], "class": "GarbageCan"}, {"rect": [115, 167, 135, 225], "class": "ToiletPaperHanger"}, {"rect": [203, 92, 299, 300], "class": "Toilet"}]}
task_0-10/pick_two_obj_and_place/trial_T20190907_151132_176889/37.jpg	{"objects": [{"rect": [0, 1, 58, 90], "class": "Cabinet"}, {"rect": [275, 190, 299, 201], "class": "TowelHolder"}]}
task_0-10/pick_two_obj_and_place/trial_T20190907_151132_176889/33.jpg	{"objects": [{"rect": [0, 160, 45, 224], "class": "Cloth"}, {"rect": [252, 47, 299, 123], "class": "SprayBottle"}, {"rect": [0, 285, 105, 300], "class": "Cabinet"}, {"rect": [0, 112, 81, 239], "class": "SinkBasin"}, {"rect": [0, 71, 15, 111], "class": "Faucet"}, {"rect": [0, 1, 107, 71], "class": "Mirror"}, {"rect": [0, 102, 122, 257], "class": "CounterTop"}, {"rect": [133, 1, 175, 89], "class": "HandTowel"}, {"rect": [123, 181, 147, 218], "class": "ToiletPaper"}, {"rect": [140, 219, 201, 300], "class": "GarbageCan"}, {"rect": [115, 167, 135, 225], "class": "ToiletPaperHanger"}, {"rect": [203, 92, 299, 300], "class": "Toilet"}]}
task_0-10/pick_two_obj_and_place/trial_T20190907_151132_176889/41.jpg	{"objects": [{"rect": [4, 1, 68, 159], "class": "Cabinet"}, {"rect": [0, 1, 27, 123], "class": "Cabinet"}]}
task_0-10/pick_two_obj_and_place/trial_T20190907_151132_176889/52.jpg	{"objects": [{"rect": [37, 226, 72, 251], "class": "Cloth"}, {"rect": [250, 142, 270, 187], "class": "SoapBottle"}, {"rect": [291, 178, 299, 195], "class": "Candle"}, {"rect": [217, 145, 240, 194], "class": "SprayBottle"}, {"rect": [0, 193, 102, 257], "class": "SinkBasin"}, {"rect": [30, 147, 56, 192], "class": "Faucet"}, {"rect": [0, 1, 122, 166], "class": "Mirror"}, {"rect": [0, 189, 119, 261], "class": "CounterTop"}, {"rect": [140, 104, 164, 169], "class": "HandTowel"}, {"rect": [0, 233, 10, 247], "class": "SoapBar"}, {"rect": [128, 261, 147, 283], "class": "ToiletPaper"}, {"rect": [136, 76, 168, 107], "class": "HandTowelHolder"}, {"rect": [269, 181, 289, 197], "class": "ToiletPaper"}, {"rect": [134, 273, 138, 282], "class": "ToiletPaperHanger"}, {"rect": [195, 181, 299, 300], "class": "Toilet"}]}
task_0-10/pick_two_obj_and_place/trial_T20190907_151132_176889/38.jpg	{"objects": [{"rect": [4, 1, 68, 159], "class": "Cabinet"}, {"rect": [0, 1, 27, 123], "class": "Cabinet"}]}
task_0-10/pick_two_obj_and_place/trial_T20190907_151132_176889/12.jpg	{"objects": [{"rect": [243, 1, 299, 140], "class": "Cabinet"}, {"rect": [0, 127, 112, 300], "class": "Mirror"}]}
task_0-10/pick_two_obj_and_place/trial_T20190907_151132_176889/19.jpg	{"objects": [{"rect": [0, 230, 37, 300], "class": "Cloth"}, {"rect": [295, 151, 299, 169], "class": "SoapBottle"}, {"rect": [0, 181, 78, 300], "class": "SinkBasin"}, {"rect": [0, 121, 16, 180], "class": "Faucet"}, {"rect": [0, 1, 109, 142], "class": "Mirror"}, {"rect": [12, 170, 122, 300], "class": "CounterTop"}, {"rect": [133, 44, 175, 158], "class": "HandTowel"}, {"rect": [120, 261, 147, 298], "class": "ToiletPaper"}, {"rect": [125, 1, 182, 57], "class": "HandTowelHolder"}, {"rect": [210, 161, 299, 300], "class": "Toilet"}]}
task_0-10/pick_two_obj_and_place/trial_T20190907_151132_176889/32.jpg	{"objects": [{"rect": [22, 118, 62, 156], "class": "Cloth"}, {"rect": [275, 15, 299, 71], "class": "SoapBottle"}, {"rect": [234, 14, 274, 82], "class": "SprayBottle"}, {"rect": [0, 211, 122, 280], "class": "Cabinet"}, {"rect": [0, 78, 93, 167], "class": "SinkBasin"}, {"rect": [0, 230, 40, 280], "class": "Cabinet"}, {"rect": [0, 14, 35, 77], "class": "Faucet"}, {"rect": [0, 1, 114, 42], "class": "Mirror"}, {"rect": [0, 71, 126, 172], "class": "CounterTop"}, {"rect": [137, 1, 169, 58], "class": "HandTowel"}, {"rect": [127, 141, 147, 172], "class": "ToiletPaper"}, {"rect": [141, 182, 195, 255], "class": "GarbageCan"}, {"rect": [120, 125, 137, 173], "class": "ToiletPaperHanger"}, {"rect": [198, 61, 299, 300], "class": "Toilet"}]}
task_0-10/pick_two_obj_and_place/trial_T20190907_151132_176889/25.jpg	{"objects": [{"rect": [282, 246, 299, 300], "class": "Cabinet"}, {"rect": [241, 75, 296, 192], "class": "Cabinet"}, {"rect": [259, 123, 299, 263], "class": "Cabinet"}, {"rect": [0, 165, 41, 288], "class": "ShowerCurtain"}]}
task_0-10/pick_two_obj_and_place/trial_T20190907_151132_176889/29.jpg	{"objects": [{"rect": [37, 226, 72, 251], "class": "Cloth"}, {"rect": [250, 142, 270, 187], "class": "SoapBottle"}, {"rect": [291, 178, 299, 195], "class": "Candle"}, {"rect": [217, 145, 240, 194], "class": "SprayBottle"}, {"rect": [0, 193, 102, 257], "class": "SinkBasin"}, {"rect": [30, 147, 56, 192], "class": "Faucet"}, {"rect": [0, 1, 122, 166], "class": "Mirror"}, {"rect": [0, 189, 130, 261], "class": "CounterTop"}, {"rect": [140, 104, 164, 177], "class": "HandTowel"}, {"rect": [0, 233, 10, 247], "class": "SoapBar"}, {"rect": [128, 251, 147, 283], "class": "ToiletPaper"}, {"rect": [136, 76, 168, 110], "class": "HandTowelHolder"}, {"rect": [269, 181, 289, 197], "class": "ToiletPaper"}, {"rect": [123, 233, 138, 282], "class": "ToiletPaperHanger"}, {"rect": [195, 181, 299, 300], "class": "Toilet"}]}
task_0-10/pick_two_obj_and_place/trial_T20190907_151132_176889/9.jpg	{"objects": [{"rect": [0, 1, 108, 211], "class": "Mirror"}, {"rect": [2, 242, 121, 300], "class": "CounterTop"}, {"rect": [134, 118, 173, 229], "class": "HandTowel"}, {"rect": [127, 73, 180, 128], "class": "HandTowelHolder"}, {"rect": [217, 231, 299, 300], "class": "Toilet"}]}
task_0-10/pick_two_obj_and_place/trial_T20190907_151132_176889/31.jpg	{"objects": [{"rect": [44, 87, 74, 110], "class": "Cloth"}, {"rect": [258, 1, 288, 45], "class": "SoapBottle"}, {"rect": [298, 50, 299, 53], "class": "Candle"}, {"rect": [222, 1, 249, 54], "class": "SprayBottle"}, {"rect": [14, 161, 125, 237], "class": "Cabinet"}, {"rect": [0, 52, 101, 116], "class": "SinkBasin"}, {"rect": [0, 162, 52, 237], "class": "Cabinet"}, {"rect": [15, 1, 50, 51], "class": "Faucet"}, {"rect": [0, 1, 119, 21], "class": "Mirror"}, {"rect": [0, 47, 129, 119], "class": "CounterTop"}, {"rect": [140, 1, 165, 34], "class": "HandTowel"}, {"rect": [0, 93, 14, 107], "class": "SoapBar"}, {"rect": [130, 110, 147, 137], "class": "ToiletPaper"}, {"rect": [142, 152, 189, 218], "class": "GarbageCan"}, {"rect": [278, 39, 297, 56], "class": "ToiletPaper"}, {"rect": [124, 94, 139, 136], "class": "ToiletPaperHanger"}, {"rect": [193, 39, 299, 279], "class": "Toilet"}]}
task_0-10/pick_two_obj_and_place/trial_T20190907_151132_176889/43.jpg	{"objects": [{"rect": [28, 1, 48, 12], "class": "Cabinet"}, {"rect": [273, 122, 299, 132], "class": "TowelHolder"}]}
task_0-10/pick_two_obj_and_place/trial_T20190907_151132_176889/2.jpg	{"objects": [{"rect": [0, 159, 37, 188], "class": "Cloth"}, {"rect": [75, 147, 110, 296], "class": "Cabinet"}, {"rect": [0, 109, 65, 272], "class": "SinkBasin"}, {"rect": [62, 239, 101, 300], "class": "Cabinet"}, {"rect": [0, 97, 88, 300], "class": "CounterTop"}, {"rect": [0, 12, 159, 174], "class": "Toilet"}]}
task_0-10/pick_two_obj_and_place/trial_T20190907_151132_176889/48.jpg	{"objects": [{"rect": [0, 72, 276, 187], "class": "Bathtub"}, {"rect": [30, 137, 253, 161], "class": "BathtubBasin"}, {"rect": [222, 156, 234, 171], "class": "Candle"}, {"rect": [162, 148, 177, 160], "class": "Cloth"}, {"rect": [226, 43, 299, 247], "class": "ShowerCurtain"}]}
task_0-10/pick_two_obj_and_place/trial_T20190907_151132_176889/35.jpg	{"objects": [{"rect": [291, 150, 299, 175], "class": "Towel"}, {"rect": [280, 49, 299, 61], "class": "TowelHolder"}, {"rect": [17, 228, 46, 281], "class": "ScrubBrush"}, {"rect": [42, 235, 56, 273], "class": "Plunger"}]}
task_0-10/pick_two_obj_and_place/trial_T20190907_151132_176889/10.jpg	{"objects": [{"rect": [0, 1, 104, 289], "class": "Mirror"}, {"rect": [134, 186, 173, 300], "class": "HandTowel"}, {"rect": [127, 143, 180, 197], "class": "HandTowelHolder"}]}
task_0-10/pick_two_obj_and_place/trial_T20190907_151132_176889/17.jpg	{"objects": [{"rect": [0, 1, 104, 289], "class": "Mirror"}, {"rect": [155, 143, 180, 186], "class": "HandTowelHolder"}]}
task_0-10/pick_two_obj_and_place/trial_T20190907_151132_176889/15.jpg	{"objects": [{"rect": [243, 1, 299, 140], "class": "Cabinet"}, {"rect": [0, 127, 112, 300], "class": "Mirror"}]}
task_0-10/pick_two_obj_and_place/trial_T20190907_151132_176889/1.jpg	{"objects": [{"rect": [0, 47, 138, 129], "class": "Bathtub"}, {"rect": [45, 1, 140, 183], "class": "ShowerCurtain"}]}
task_0-10/pick_two_obj_and_place/trial_T20190907_151132_176889/13.jpg	{"objects": [{"rect": [293, 62, 299, 115], "class": "SprayBottle"}, {"rect": [244, 1, 299, 136], "class": "Cabinet"}, {"rect": [0, 127, 112, 300], "class": "Mirror"}]}
task_0-10/pick_two_obj_and_place/trial_T20190907_151132_176889/50.jpg	{"objects": [{"rect": [44, 87, 74, 110], "class": "Cloth"}, {"rect": [258, 1, 288, 45], "class": "SoapBottle"}, {"rect": [298, 50, 299, 53], "class": "Candle"}, {"rect": [222, 1, 249, 54], "class": "SprayBottle"}, {"rect": [14, 161, 118, 237], "class": "Cabinet"}, {"rect": [0, 52, 101, 116], "class": "SinkBasin"}, {"rect": [0, 162, 52, 237], "class": "Cabinet"}, {"rect": [15, 1, 50, 51], "class": "Faucet"}, {"rect": [0, 1, 119, 21], "class": "Mirror"}, {"rect": [0, 47, 129, 119], "class": "CounterTop"}, {"rect": [140, 1, 165, 34], "class": "HandTowel"}, {"rect": [0, 93, 14, 107], "class": "SoapBar"}, {"rect": [130, 113, 141, 136], "class": "ToiletPaper"}, {"rect": [156, 152, 189, 193], "class": "GarbageCan"}, {"rect": [278, 39, 297, 56], "class": "ToiletPaper"}, {"rect": [124, 94, 139, 135], "class": "ToiletPaperHanger"}, {"rect": [193, 39, 299, 279], "class": "Toilet"}]}
task_0-10/pick_two_obj_and_place/trial_T20190907_151132_176889/18.jpg	{"objects": [{"rect": [0, 1, 108, 211], "class": "Mirror"}, {"rect": [2, 242, 119, 300], "class": "CounterTop"}, {"rect": [134, 118, 173, 179], "class": "HandTowel"}, {"rect": [127, 73, 180, 128], "class": "HandTowelHolder"}, {"rect": [217, 231, 299, 300], "class": "Toilet"}]}
task_0-10/pick_two_obj_and_place/trial_T20190907_151132_176889/30.jpg	{"objects": [{"rect": [45, 156, 76, 178], "class": "Cloth"}, {"rect": [250, 72, 274, 118], "class": "SoapBottle"}, {"rect": [290, 109, 299, 127], "class": "Candle"}, {"rect": [217, 75, 242, 126], "class": "SprayBottle"}, {"rect": [7, 232, 120, 300], "class": "Cabinet"}, {"rect": [0, 125, 103, 184], "class": "SinkBasin"}, {"rect": [0, 232, 32, 300], "class": "Cabinet"}, {"rect": [27, 77, 56, 124], "class": "Faucet"}, {"rect": [0, 1, 121, 98], "class": "Mirror"}, {"rect": [0, 120, 130, 187], "class": "CounterTop"}, {"rect": [139, 29, 165, 109], "class": "HandTowel"}, {"rect": [0, 162, 17, 175], "class": "SoapBar"}, {"rect": [129, 178, 147, 206], "class": "ToiletPaper"}, {"rect": [142, 221, 192, 298], "class": "GarbageCan"}, {"rect": [134, 1, 170, 36], "class": "HandTowelHolder"}, {"rect": [269, 113, 288, 128], "class": "ToiletPaper"}, {"rect": [125, 162, 139, 205], "class": "ToiletPaperHanger"}, {"rect": [194, 113, 299, 300], "class": "Toilet"}]}
task_0-10/pick_two_obj_and_place/trial_T20190907_151132_176889/8.jpg	{"objects": [{"rect": [0, 230, 37, 300], "class": "Cloth"}, {"rect": [295, 151, 299, 169], "class": "SoapBottle"}, {"rect": [0, 181, 78, 300], "class": "SinkBasin"}, {"rect": [0, 121, 16, 180], "class": "Faucet"}, {"rect": [0, 1, 109, 142], "class": "Mirror"}, {"rect": [12, 170, 122, 300], "class": "CounterTop"}, {"rect": [133, 44, 175, 159], "class": "HandTowel"}, {"rect": [120, 254, 147, 298], "class": "ToiletPaper"}, {"rect": [125, 1, 182, 57], "class": "HandTowelHolder"}, {"rect": [112, 238, 135, 300], "class": "ToiletPaperHanger"}, {"rect": [210, 161, 299, 300], "class": "Toilet"}]}
task_0-10/pick_two_obj_and_place/trial_T20190907_151132_176889/14.jpg	{"objects": [{"rect": [244, 1, 299, 136], "class": "Cabinet"}, {"rect": [0, 127, 112, 300], "class": "Mirror"}]}
task_0-10/pick_two_obj_and_place/trial_T20190907_151132_176889/49.jpg	{"objects": [{"rect": [282, 246, 299, 300], "class": "Cabinet"}, {"rect": [241, 75, 296, 192], "class": "Cabinet"}, {"rect": [259, 123, 299, 263], "class": "Cabinet"}, {"rect": [0, 165, 41, 288], "class": "ShowerCurtain"}]}
task_0-10/pick_two_obj_and_place/trial_T20190907_151132_176889/40.jpg	{"objects": [{"rect": [10, 1, 155, 159], "class": "Cabinet"}, {"rect": [0, 1, 27, 123], "class": "Cabinet"}]}
task_0-10/pick_two_obj_and_place/trial_T20190907_151132_176889/42.jpg	{"objects": [{"rect": [0, 1, 58, 90], "class": "Cabinet"}, {"rect": [275, 190, 299, 201], "class": "TowelHolder"}]}
task_0-10/pick_two_obj_and_place/trial_T20190907_151132_176889/47.jpg	{"objects": [{"rect": [0, 59, 257, 155], "class": "Bathtub"}, {"rect": [43, 119, 240, 132], "class": "BathtubBasin"}, {"rect": [214, 126, 224, 139], "class": "Candle"}, {"rect": [219, 1, 299, 212], "class": "ShowerCurtain"}]}
task_0-10/pick_two_obj_and_place/trial_T20190907_151132_176889/20.jpg	{"objects": [{"rect": [0, 160, 45, 224], "class": "Cloth"}, {"rect": [0, 285, 105, 300], "class": "Cabinet"}, {"rect": [0, 112, 81, 239], "class": "SinkBasin"}, {"rect": [0, 71, 15, 111], "class": "Faucet"}, {"rect": [0, 1, 107, 71], "class": "Mirror"}, {"rect": [0, 102, 122, 257], "class": "CounterTop"}, {"rect": [133, 1, 175, 89], "class": "HandTowel"}, {"rect": [140, 220, 201, 300], "class": "GarbageCan"}, {"rect": [115, 167, 122, 191], "class": "ToiletPaperHanger"}, {"rect": [203, 92, 299, 300], "class": "Toilet"}]}
task_0-10/pick_two_obj_and_place/trial_T20190907_151132_176889/22.jpg	{"objects": [{"rect": [0, 47, 243, 129], "class": "Bathtub"}, {"rect": [208, 102, 216, 114], "class": "Candle"}, {"rect": [213, 1, 299, 183], "class": "ShowerCurtain"}]}
task_0-10/pick_two_obj_and_place/trial_T20190907_151132_176889/3.jpg	{"objects": [{"rect": [0, 230, 11, 248], "class": "Cloth"}, {"rect": [0, 26, 3, 39], "class": "SoapBottle"}, {"rect": [62, 192, 106, 300], "class": "Cabinet"}, {"rect": [0, 139, 76, 300], "class": "CounterTop"}, {"rect": [0, 27, 160, 200], "class": "Toilet"}]}
task_0-10/pick_two_obj_and_place/trial_T20190907_151132_176889/44.jpg	{"objects": [{"rect": [291, 150, 299, 175], "class": "Towel"}, {"rect": [280, 49, 299, 61], "class": "TowelHolder"}, {"rect": [17, 228, 46, 281], "class": "ScrubBrush"}, {"rect": [42, 235, 56, 273], "class": "Plunger"}]}
task_0-10/pick_cool_then_place_in_recep/trial_T20190909_070538_437648/28.jpg	{"objects": [{"rect": [18, 97, 43, 116], "class": "LettuceSliced"}, {"rect": [18, 93, 45, 110], "class": "LettuceSliced"}, {"rect": [22, 91, 47, 107], "class": "LettuceSliced"}, {"rect": [23, 89, 48, 104], "class": "LettuceSliced"}, {"rect": [25, 88, 49, 101], "class": "LettuceSliced"}, {"rect": [26, 86, 49, 97], "class": "LettuceSliced"}, {"rect": [29, 83, 51, 98], "class": "LettuceSliced"}, {"rect": [0, 86, 21, 126], "class": "SoapBottle"}, {"rect": [3, 132, 23, 154], "class": "Apple"}, {"rect": [49, 61, 71, 89], "class": "Cup"}, {"rect": [0, 48, 109, 285], "class": "DiningTable"}, {"rect": [0, 160, 11, 190], "class": "Mug"}]}
task_0-10/pick_cool_then_place_in_recep/trial_T20190909_070538_437648/54.jpg	{"objects": [{"rect": [34, 72, 56, 90], "class": "LettuceSliced"}, {"rect": [34, 69, 57, 85], "class": "LettuceSliced"}, {"rect": [37, 67, 59, 82], "class": "LettuceSliced"}, {"rect": [38, 66, 59, 81], "class": "LettuceSliced"}, {"rect": [4, 44, 36, 98], "class": "SoapBottle"}, {"rect": [23, 100, 40, 119], "class": "Apple"}, {"rect": [0, 35, 112, 243], "class": "DiningTable"}, {"rect": [0, 87, 89, 300], "class": "Fridge"}, {"rect": [16, 119, 30, 144], "class": "Mug"}]}
task_0-10/pick_cool_then_place_in_recep/trial_T20190909_070538_437648/21.jpg	{"objects": [{"rect": [0, 1, 299, 300], "class": "Fridge"}]}
task_0-10/pick_cool_then_place_in_recep/trial_T20190909_070538_437648/34.jpg	{"objects": [{"rect": [102, 167, 109, 200], "class": "LettuceSliced"}, {"rect": [108, 166, 115, 201], "class": "LettuceSliced"}, {"rect": [114, 166, 121, 201], "class": "LettuceSliced"}, {"rect": [120, 166, 127, 201], "class": "LettuceSliced"}, {"rect": [126, 167, 132, 201], "class": "LettuceSliced"}, {"rect": [133, 167, 138, 200], "class": "LettuceSliced"}, {"rect": [140, 168, 172, 200], "class": "LettuceSliced"}, {"rect": [137, 125, 143, 164], "class": "ButterKnife"}, {"rect": [95, 113, 111, 133], "class": "Apple"}, {"rect": [263, 114, 299, 181], "class": "WineBottle"}, {"rect": [75, 116, 103, 180], "class": "SoapBottle"}, {"rect": [30, 173, 52, 197], "class": "Apple"}, {"rect": [174, 178, 211, 221], "class": "Cup"}, {"rect": [178, 138, 187, 173], "class": "Fork"}, {"rect": [0, 126, 299, 300], "class": "DiningTable"}, {"rect": [241, 115, 287, 163], "class": "Kettle"}, {"rect": [0, 174, 8, 199], "class": "Mug"}]}
task_0-10/pick_cool_then_place_in_recep/trial_T20190909_070538_437648/23.jpg	{"objects": [{"rect": [157, 145, 178, 166], "class": "Glassbottle"}, {"rect": [152, 75, 195, 132], "class": "Bread"}, {"rect": [0, 163, 43, 205], "class": "Cabinet"}, {"rect": [0, 1, 299, 300], "class": "Fridge"}, {"rect": [123, 158, 132, 168], "class": "Egg"}]}
task_0-10/pick_cool_then_place_in_recep/trial_T20190909_070538_437648/39.jpg	{"objects": [{"rect": [217, 207, 299, 300], "class": "DiningTable"}, {"rect": [187, 1, 299, 240], "class": "Fridge"}]}
task_0-10/pick_cool_then_place_in_recep/trial_T20190909_070538_437648/16.jpg	{"objects": [{"rect": [258, 276, 299, 300], "class": "DiningTable"}, {"rect": [190, 1, 299, 284], "class": "Fridge"}]}
task_0-10/pick_cool_then_place_in_recep/trial_T20190909_070538_437648/27.jpg	{"objects": [{"rect": [34, 72, 56, 90], "class": "LettuceSliced"}, {"rect": [34, 69, 57, 85], "class": "LettuceSliced"}, {"rect": [37, 67, 59, 82], "class": "LettuceSliced"}, {"rect": [38, 66, 59, 81], "class": "LettuceSliced"}, {"rect": [4, 44, 36, 98], "class": "SoapBottle"}, {"rect": [23, 100, 40, 119], "class": "Apple"}, {"rect": [0, 35, 112, 243], "class": "DiningTable"}, {"rect": [0, 87, 89, 300], "class": "Fridge"}, {"rect": [16, 119, 30, 144], "class": "Mug"}]}
task_0-10/pick_cool_then_place_in_recep/trial_T20190909_070538_437648/62.jpg	{"objects": [{"rect": [169, 54, 178, 76], "class": "PepperShaker"}, {"rect": [122, 56, 145, 78], "class": "Tomato"}, {"rect": [112, 57, 118, 74], "class": "Fork"}, {"rect": [68, 39, 240, 185], "class": "DiningTable"}, {"rect": [115, 105, 173, 210], "class": "Chair"}, {"rect": [80, 23, 102, 77], "class": "Glassbottle"}, {"rect": [172, 33, 209, 59], "class": "Bowl"}, {"rect": [169, 47, 177, 67], "class": "PepperShaker"}, {"rect": [116, 39, 122, 56], "class": "ButterKnife"}]}
task_0-10/pick_cool_then_place_in_recep/trial_T20190909_070538_437648/59.jpg	{"objects": [{"rect": [0, 214, 8, 252], "class": "Cup"}, {"rect": [0, 135, 93, 300], "class": "DiningTable"}]}
task_0-10/pick_cool_then_place_in_recep/trial_T20190909_070538_437648/60.jpg	{"objects": [{"rect": [0, 174, 87, 300], "class": "DiningTable"}]}
task_0-10/pick_cool_then_place_in_recep/trial_T20190909_070538_437648/45.jpg	{"objects": [{"rect": [0, 1, 299, 300], "class": "Fridge"}]}
task_0-10/pick_cool_then_place_in_recep/trial_T20190909_070538_437648/36.jpg	{"objects": [{"rect": [102, 98, 109, 131], "class": "LettuceSliced"}, {"rect": [108, 97, 115, 132], "class": "LettuceSliced"}, {"rect": [114, 97, 121, 132], "class": "LettuceSliced"}, {"rect": [120, 97, 126, 133], "class": "LettuceSliced"}, {"rect": [126, 98, 133, 133], "class": "LettuceSliced"}, {"rect": [141, 100, 172, 131], "class": "LettuceSliced"}, {"rect": [136, 53, 143, 96], "class": "ButterKnife"}, {"rect": [91, 39, 108, 62], "class": "Apple"}, {"rect": [264, 55, 299, 113], "class": "WineBottle"}, {"rect": [70, 43, 102, 112], "class": "SoapBottle"}, {"rect": [30, 105, 52, 128], "class": "Apple"}, {"rect": [174, 110, 210, 152], "class": "Cup"}, {"rect": [180, 67, 187, 105], "class": "Fork"}, {"rect": [0, 54, 299, 227], "class": "DiningTable"}, {"rect": [245, 42, 295, 94], "class": "Kettle"}, {"rect": [0, 108, 9, 132], "class": "Mug"}]}
task_0-10/pick_cool_then_place_in_recep/trial_T20190909_070538_437648/4.jpg	{"objects": [{"rect": [254, 254, 299, 300], "class": "Chair"}]}
task_0-10/pick_cool_then_place_in_recep/trial_T20190909_070538_437648/46.jpg	{"objects": [{"rect": [0, 1, 299, 233], "class": "Fridge"}]}
task_0-10/pick_cool_then_place_in_recep/trial_T20190909_070538_437648/6.jpg	{"objects": [{"rect": [142, 58, 145, 67], "class": "ButterKnife"}, {"rect": [226, 25, 249, 84], "class": "WineBottle"}, {"rect": [103, 32, 119, 83], "class": "SoapBottle"}, {"rect": [72, 73, 86, 91], "class": "Apple"}, {"rect": [165, 72, 187, 101], "class": "Cup"}, {"rect": [170, 64, 172, 72], "class": "Fork"}, {"rect": [0, 59, 283, 192], "class": "DiningTable"}, {"rect": [0, 15, 40, 194], "class": "Fridge"}, {"rect": [123, 66, 162, 90], "class": "Lettuce"}, {"rect": [120, 103, 168, 106], "class": "Knife"}, {"rect": [37, 71, 56, 93], "class": "Mug"}]}
task_0-10/pick_cool_then_place_in_recep/trial_T20190909_070538_437648/24.jpg	{"objects": [{"rect": [157, 145, 178, 166], "class": "Glassbottle"}, {"rect": [152, 75, 195, 132], "class": "Bread"}, {"rect": [0, 163, 43, 205], "class": "Cabinet"}, {"rect": [0, 1, 299, 300], "class": "Fridge"}, {"rect": [59, 119, 146, 126], "class": "Knife"}, {"rect": [123, 158, 132, 168], "class": "Egg"}]}
task_0-10/pick_cool_then_place_in_recep/trial_T20190909_070538_437648/57.jpg	{"objects": [{"rect": [0, 181, 5, 194], "class": "LettuceSliced"}, {"rect": [0, 174, 9, 188], "class": "LettuceSliced"}, {"rect": [0, 168, 11, 184], "class": "LettuceSliced"}, {"rect": [0, 163, 13, 180], "class": "LettuceSliced"}, {"rect": [0, 159, 15, 175], "class": "LettuceSliced"}, {"rect": [0, 144, 20, 168], "class": "LettuceSliced"}, {"rect": [2, 39, 35, 101], "class": "WineBottle"}, {"rect": [18, 112, 48, 147], "class": "Cup"}, {"rect": [0, 139, 2, 142], "class": "Fork"}, {"rect": [0, 82, 102, 300], "class": "DiningTable"}, {"rect": [0, 69, 18, 106], "class": "Kettle"}]}
task_0-10/pick_cool_then_place_in_recep/trial_T20190909_070538_437648/26.jpg	{"objects": [{"rect": [0, 1, 299, 300], "class": "Fridge"}]}
task_0-10/pick_cool_then_place_in_recep/trial_T20190909_070538_437648/51.jpg	{"objects": [{"rect": [157, 145, 178, 166], "class": "Glassbottle"}, {"rect": [152, 75, 195, 132], "class": "Bread"}, {"rect": [0, 163, 43, 205], "class": "Cabinet"}, {"rect": [0, 1, 299, 300], "class": "Fridge"}, {"rect": [59, 119, 146, 126], "class": "Knife"}, {"rect": [123, 158, 132, 168], "class": "Egg"}]}
task_0-10/pick_cool_then_place_in_recep/trial_T20190909_070538_437648/11.jpg	{"objects": [{"rect": [136, 53, 143, 95], "class": "ButterKnife"}, {"rect": [91, 39, 108, 62], "class": "Apple"}, {"rect": [264, 55, 299, 113], "class": "WineBottle"}, {"rect": [70, 43, 102, 112], "class": "SoapBottle"}, {"rect": [30, 105, 52, 128], "class": "Apple"}, {"rect": [174, 110, 210, 152], "class": "Cup"}, {"rect": [180, 67, 187, 105], "class": "Fork"}, {"rect": [0, 54, 299, 227], "class": "DiningTable"}, {"rect": [245, 42, 295, 94], "class": "Kettle"}, {"rect": [107, 94, 169, 131], "class": "Lettuce"}, {"rect": [0, 108, 9, 132], "class": "Mug"}]}
task_0-10/pick_cool_then_place_in_recep/trial_T20190909_070538_437648/7.jpg	{"objects": [{"rect": [140, 75, 144, 91], "class": "ButterKnife"}, {"rect": [109, 63, 119, 80], "class": "Apple"}, {"rect": [235, 45, 263, 108], "class": "WineBottle"}, {"rect": [96, 53, 115, 107], "class": "SoapBottle"}, {"rect": [62, 98, 77, 117], "class": "Apple"}, {"rect": [168, 98, 193, 130], "class": "Cup"}, {"rect": [172, 84, 175, 97], "class": "Fork"}, {"rect": [0, 76, 299, 223], "class": "DiningTable"}, {"rect": [220, 61, 248, 98], "class": "Kettle"}, {"rect": [119, 90, 164, 116], "class": "Lettuce"}, {"rect": [115, 132, 171, 137], "class": "Knife"}, {"rect": [22, 95, 44, 119], "class": "Mug"}]}
task_0-10/pick_cool_then_place_in_recep/trial_T20190909_070538_437648/37.jpg	{"objects": [{"rect": [102, 167, 109, 200], "class": "LettuceSliced"}, {"rect": [108, 166, 115, 201], "class": "LettuceSliced"}, {"rect": [114, 166, 121, 201], "class": "LettuceSliced"}, {"rect": [120, 166, 127, 201], "class": "LettuceSliced"}, {"rect": [126, 167, 133, 201], "class": "LettuceSliced"}, {"rect": [140, 168, 172, 200], "class": "LettuceSliced"}, {"rect": [137, 125, 143, 164], "class": "ButterKnife"}, {"rect": [95, 113, 111, 133], "class": "Apple"}, {"rect": [263, 114, 299, 181], "class": "WineBottle"}, {"rect": [75, 116, 103, 180], "class": "SoapBottle"}, {"rect": [30, 173, 52, 197], "class": "Apple"}, {"rect": [174, 178, 211, 221], "class": "Cup"}, {"rect": [178, 138, 187, 173], "class": "Fork"}, {"rect": [0, 126, 299, 300], "class": "DiningTable"}, {"rect": [241, 115, 287, 163], "class": "Kettle"}, {"rect": [0, 174, 8, 199], "class": "Mug"}]}
task_0-10/pick_cool_then_place_in_recep/trial_T20190909_070538_437648/33.jpg	{"objects": [{"rect": [0, 174, 87, 300], "class": "DiningTable"}]}
task_0-10/pick_cool_then_place_in_recep/trial_T20190909_070538_437648/41.jpg	{"objects": [{"rect": [193, 1, 299, 300], "class": "Fridge"}]}
task_0-10/pick_cool_then_place_in_recep/trial_T20190909_070538_437648/55.jpg	{"objects": [{"rect": [18, 97, 43, 116], "class": "LettuceSliced"}, {"rect": [18, 93, 45, 110], "class": "LettuceSliced"}, {"rect": [22, 91, 47, 107], "class": "LettuceSliced"}, {"rect": [23, 89, 48, 104], "class": "LettuceSliced"}, {"rect": [25, 88, 49, 102], "class": "LettuceSliced"}, {"rect": [28, 83, 51, 97], "class": "LettuceSliced"}, {"rect": [0, 86, 21, 126], "class": "SoapBottle"}, {"rect": [3, 132, 23, 154], "class": "Apple"}, {"rect": [49, 61, 71, 89], "class": "Cup"}, {"rect": [0, 48, 109, 285], "class": "DiningTable"}, {"rect": [0, 160, 11, 190], "class": "Mug"}]}
task_0-10/pick_cool_then_place_in_recep/trial_T20190909_070538_437648/52.jpg	{"objects": [{"rect": [0, 1, 299, 233], "class": "Fridge"}]}
task_0-10/pick_cool_then_place_in_recep/trial_T20190909_070538_437648/63.jpg	{"objects": [{"rect": [172, 79, 182, 103], "class": "PepperShaker"}, {"rect": [118, 81, 145, 106], "class": "Tomato"}, {"rect": [106, 78, 115, 101], "class": "Fork"}, {"rect": [55, 56, 254, 214], "class": "DiningTable"}, {"rect": [110, 133, 175, 245], "class": "Chair"}, {"rect": [69, 45, 95, 104], "class": "Glassbottle"}, {"rect": [257, 90, 299, 199], "class": "GarbageCan"}, {"rect": [172, 54, 222, 58], "class": "Spatula"}, {"rect": [174, 50, 217, 81], "class": "Bowl"}, {"rect": [171, 70, 181, 92], "class": "PepperShaker"}, {"rect": [112, 56, 119, 78], "class": "ButterKnife"}]}
task_0-10/pick_cool_then_place_in_recep/trial_T20190909_070538_437648/38.jpg	{"objects": [{"rect": [210, 159, 299, 300], "class": "DiningTable"}, {"rect": [184, 1, 299, 206], "class": "Fridge"}, {"rect": [294, 181, 299, 200], "class": "Mug"}]}
task_0-10/pick_cool_then_place_in_recep/trial_T20190909_070538_437648/12.jpg	{"objects": [{"rect": [102, 98, 109, 131], "class": "LettuceSliced"}, {"rect": [108, 97, 115, 132], "class": "LettuceSliced"}, {"rect": [114, 97, 121, 132], "class": "LettuceSliced"}, {"rect": [120, 97, 126, 133], "class": "LettuceSliced"}, {"rect": [126, 98, 132, 133], "class": "LettuceSliced"}, {"rect": [132, 98, 138, 131], "class": "LettuceSliced"}, {"rect": [140, 100, 170, 132], "class": "LettuceSliced"}, {"rect": [136, 53, 143, 96], "class": "ButterKnife"}, {"rect": [91, 39, 108, 62], "class": "Apple"}, {"rect": [264, 55, 299, 113], "class": "WineBottle"}, {"rect": [70, 43, 102, 112], "class": "SoapBottle"}, {"rect": [30, 105, 52, 128], "class": "Apple"}, {"rect": [174, 110, 210, 152], "class": "Cup"}, {"rect": [180, 67, 187, 105], "class": "Fork"}, {"rect": [0, 54, 299, 227], "class": "DiningTable"}, {"rect": [245, 42, 295, 94], "class": "Kettle"}, {"rect": [0, 108, 9, 132], "class": "Mug"}]}
task_0-10/pick_cool_then_place_in_recep/trial_T20190909_070538_437648/53.jpg	{"objects": [{"rect": [0, 1, 299, 300], "class": "Fridge"}]}
task_0-10/pick_cool_then_place_in_recep/trial_T20190909_070538_437648/19.jpg	{"objects": [{"rect": [236, 90, 244, 109], "class": "Drawer"}, {"rect": [216, 115, 234, 184], "class": "Cabinet"}, {"rect": [223, 58, 240, 97], "class": "Drawer"}, {"rect": [208, 77, 235, 171], "class": "Cabinet"}, {"rect": [203, 1, 299, 300], "class": "Fridge"}]}
task_0-10/pick_cool_then_place_in_recep/trial_T20190909_070538_437648/32.jpg	{"objects": [{"rect": [0, 214, 8, 252], "class": "Cup"}, {"rect": [0, 135, 93, 300], "class": "DiningTable"}]}
task_0-10/pick_cool_then_place_in_recep/trial_T20190909_070538_437648/25.jpg	{"objects": [{"rect": [0, 1, 299, 233], "class": "Fridge"}]}
task_0-10/pick_cool_then_place_in_recep/trial_T20190909_070538_437648/29.jpg	{"objects": [{"rect": [0, 130, 27, 150], "class": "LettuceSliced"}, {"rect": [0, 125, 30, 143], "class": "LettuceSliced"}, {"rect": [2, 122, 32, 141], "class": "LettuceSliced"}, {"rect": [4, 120, 33, 136], "class": "LettuceSliced"}, {"rect": [6, 118, 34, 134], "class": "LettuceSliced"}, {"rect": [7, 115, 35, 130], "class": "LettuceSliced"}, {"rect": [11, 110, 38, 127], "class": "LettuceSliced"}, {"rect": [36, 83, 61, 114], "class": "Cup"}, {"rect": [0, 108, 20, 112], "class": "Fork"}, {"rect": [0, 63, 106, 300], "class": "DiningTable"}]}
task_0-10/pick_cool_then_place_in_recep/trial_T20190909_070538_437648/9.jpg	{"objects": [{"rect": [137, 125, 143, 164], "class": "ButterKnife"}, {"rect": [95, 113, 111, 133], "class": "Apple"}, {"rect": [263, 114, 299, 181], "class": "WineBottle"}, {"rect": [75, 116, 103, 180], "class": "SoapBottle"}, {"rect": [30, 173, 52, 197], "class": "Apple"}, {"rect": [174, 178, 211, 221], "class": "Cup"}, {"rect": [178, 138, 187, 173], "class": "Fork"}, {"rect": [0, 126, 299, 300], "class": "DiningTable"}, {"rect": [241, 115, 287, 163], "class": "Kettle"}, {"rect": [107, 163, 169, 199], "class": "Lettuce"}, {"rect": [102, 223, 179, 235], "class": "Knife"}, {"rect": [0, 174, 8, 199], "class": "Mug"}]}
task_0-10/pick_cool_then_place_in_recep/trial_T20190909_070538_437648/31.jpg	{"objects": [{"rect": [0, 84, 19, 130], "class": "WineBottle"}, {"rect": [0, 152, 31, 191], "class": "Cup"}, {"rect": [0, 105, 98, 300], "class": "DiningTable"}]}
task_0-10/pick_cool_then_place_in_recep/trial_T20190909_070538_437648/65.jpg	{"objects": [{"rect": [115, 94, 120, 118], "class": "LettuceSliced"}, {"rect": [120, 93, 124, 118], "class": "LettuceSliced"}, {"rect": [124, 92, 128, 118], "class": "LettuceSliced"}, {"rect": [129, 93, 133, 118], "class": "LettuceSliced"}, {"rect": [133, 93, 137, 118], "class": "LettuceSliced"}, {"rect": [143, 95, 166, 117], "class": "LettuceSliced"}, {"rect": [140, 75, 144, 99], "class": "ButterKnife"}, {"rect": [109, 63, 119, 80], "class": "Apple"}, {"rect": [235, 45, 263, 108], "class": "WineBottle"}, {"rect": [96, 53, 115, 107], "class": "SoapBottle"}, {"rect": [62, 98, 77, 117], "class": "Apple"}, {"rect": [168, 98, 193, 130], "class": "Cup"}, {"rect": [172, 84, 175, 97], "class": "Fork"}, {"rect": [0, 76, 299, 223], "class": "DiningTable"}, {"rect": [220, 61, 248, 98], "class": "Kettle"}, {"rect": [22, 95, 44, 119], "class": "Mug"}]}
task_0-10/pick_cool_then_place_in_recep/trial_T20190909_070538_437648/43.jpg	{"objects": [{"rect": [236, 90, 244, 109], "class": "Drawer"}, {"rect": [216, 115, 234, 184], "class": "Cabinet"}, {"rect": [223, 58, 240, 97], "class": "Drawer"}, {"rect": [208, 77, 235, 171], "class": "Cabinet"}, {"rect": [203, 1, 299, 300], "class": "Fridge"}]}
task_0-10/pick_cool_then_place_in_recep/trial_T20190909_070538_437648/2.jpg	{"objects": [{"rect": [248, 89, 299, 300], "class": "DiningTable"}, {"rect": [228, 162, 299, 273], "class": "Chair"}]}
task_0-10/pick_cool_then_place_in_recep/trial_T20190909_070538_437648/48.jpg	{"objects": [{"rect": [102, 93, 136, 115], "class": "LettuceSliced"}, {"rect": [157, 145, 178, 166], "class": "Glassbottle"}, {"rect": [152, 75, 195, 132], "class": "Bread"}, {"rect": [0, 163, 43, 205], "class": "Cabinet"}, {"rect": [0, 1, 299, 300], "class": "Fridge"}, {"rect": [59, 119, 146, 126], "class": "Knife"}, {"rect": [123, 158, 132, 168], "class": "Egg"}]}
task_0-10/pick_cool_then_place_in_recep/trial_T20190909_070538_437648/35.jpg	{"objects": [{"rect": [102, 98, 109, 131], "class": "LettuceSliced"}, {"rect": [108, 97, 115, 132], "class": "LettuceSliced"}, {"rect": [114, 97, 121, 132], "class": "LettuceSliced"}, {"rect": [120, 97, 126, 133], "class": "LettuceSliced"}, {"rect": [126, 98, 132, 133], "class": "LettuceSliced"}, {"rect": [133, 98, 138, 132], "class": "LettuceSliced"}, {"rect": [141, 100, 172, 131], "class": "LettuceSliced"}, {"rect": [136, 53, 143, 96], "class": "ButterKnife"}, {"rect": [91, 39, 108, 62], "class": "Apple"}, {"rect": [264, 55, 299, 113], "class": "WineBottle"}, {"rect": [70, 43, 102, 112], "class": "SoapBottle"}, {"rect": [30, 105, 52, 128], "class": "Apple"}, {"rect": [174, 110, 210, 152], "class": "Cup"}, {"rect": [180, 67, 187, 105], "class": "Fork"}, {"rect": [0, 54, 299, 227], "class": "DiningTable"}, {"rect": [245, 42, 295, 94], "class": "Kettle"}, {"rect": [0, 108, 9, 132], "class": "Mug"}]}
task_0-10/pick_cool_then_place_in_recep/trial_T20190909_070538_437648/10.jpg	{"objects": [{"rect": [136, 53, 143, 95], "class": "ButterKnife"}, {"rect": [91, 39, 108, 62], "class": "Apple"}, {"rect": [264, 55, 299, 113], "class": "WineBottle"}, {"rect": [70, 43, 102, 112], "class": "SoapBottle"}, {"rect": [30, 105, 52, 128], "class": "Apple"}, {"rect": [174, 110, 210, 152], "class": "Cup"}, {"rect": [180, 67, 187, 105], "class": "Fork"}, {"rect": [0, 54, 299, 227], "class": "DiningTable"}, {"rect": [245, 42, 295, 94], "class": "Kettle"}, {"rect": [107, 94, 169, 131], "class": "Lettuce"}, {"rect": [104, 153, 178, 164], "class": "Knife"}, {"rect": [0, 108, 9, 132], "class": "Mug"}]}
task_0-10/pick_cool_then_place_in_recep/trial_T20190909_070538_437648/58.jpg	{"objects": [{"rect": [0, 84, 19, 130], "class": "WineBottle"}, {"rect": [0, 152, 31, 191], "class": "Cup"}, {"rect": [0, 105, 98, 300], "class": "DiningTable"}]}
task_0-10/pick_cool_then_place_in_recep/trial_T20190909_070538_437648/17.jpg	{"objects": [{"rect": [193, 1, 299, 300], "class": "Fridge"}]}
task_0-10/pick_cool_then_place_in_recep/trial_T20190909_070538_437648/15.jpg	{"objects": [{"rect": [217, 207, 299, 300], "class": "DiningTable"}, {"rect": [187, 1, 299, 240], "class": "Fridge"}]}
task_0-10/pick_cool_then_place_in_recep/trial_T20190909_070538_437648/56.jpg	{"objects": [{"rect": [0, 130, 27, 150], "class": "LettuceSliced"}, {"rect": [0, 125, 30, 143], "class": "LettuceSliced"}, {"rect": [2, 122, 32, 141], "class": "LettuceSliced"}, {"rect": [4, 120, 33, 136], "class": "LettuceSliced"}, {"rect": [6, 117, 34, 134], "class": "LettuceSliced"}, {"rect": [10, 110, 38, 128], "class": "LettuceSliced"}, {"rect": [36, 83, 61, 114], "class": "Cup"}, {"rect": [0, 108, 20, 112], "class": "Fork"}, {"rect": [0, 63, 106, 300], "class": "DiningTable"}]}
task_0-10/pick_cool_then_place_in_recep/trial_T20190909_070538_437648/66.jpg	{"objects": [{"rect": [116, 163, 120, 186], "class": "LettuceSliced"}, {"rect": [120, 162, 124, 186], "class": "LettuceSliced"}, {"rect": [124, 162, 129, 186], "class": "LettuceSliced"}, {"rect": [129, 162, 133, 187], "class": "LettuceSliced"}, {"rect": [133, 162, 137, 187], "class": "LettuceSliced"}, {"rect": [143, 164, 166, 185], "class": "LettuceSliced"}, {"rect": [140, 145, 144, 167], "class": "ButterKnife"}, {"rect": [111, 135, 120, 150], "class": "Apple"}, {"rect": [234, 118, 257, 176], "class": "WineBottle"}, {"rect": [99, 125, 116, 176], "class": "SoapBottle"}, {"rect": [63, 167, 78, 185], "class": "Apple"}, {"rect": [167, 167, 192, 199], "class": "Cup"}, {"rect": [171, 153, 175, 166], "class": "Fork"}, {"rect": [0, 146, 299, 300], "class": "DiningTable"}, {"rect": [0, 117, 20, 265], "class": "Fridge"}, {"rect": [219, 132, 243, 167], "class": "Kettle"}, {"rect": [24, 164, 44, 188], "class": "Mug"}]}
task_0-10/pick_cool_then_place_in_recep/trial_T20190909_070538_437648/1.jpg	{"objects": [{"rect": [241, 66, 299, 254], "class": "DiningTable"}, {"rect": [220, 132, 299, 233], "class": "Chair"}, {"rect": [286, 38, 299, 75], "class": "Glassbottle"}]}
task_0-10/pick_cool_then_place_in_recep/trial_T20190909_070538_437648/13.jpg	{"objects": [{"rect": [102, 167, 109, 200], "class": "LettuceSliced"}, {"rect": [108, 166, 115, 201], "class": "LettuceSliced"}, {"rect": [114, 166, 121, 201], "class": "LettuceSliced"}, {"rect": [120, 166, 127, 201], "class": "LettuceSliced"}, {"rect": [126, 167, 132, 201], "class": "LettuceSliced"}, {"rect": [133, 167, 138, 200], "class": "LettuceSliced"}, {"rect": [140, 168, 172, 200], "class": "LettuceSliced"}, {"rect": [137, 125, 143, 164], "class": "ButterKnife"}, {"rect": [95, 113, 111, 133], "class": "Apple"}, {"rect": [263, 114, 299, 181], "class": "WineBottle"}, {"rect": [75, 116, 103, 180], "class": "SoapBottle"}, {"rect": [30, 173, 52, 197], "class": "Apple"}, {"rect": [174, 178, 211, 221], "class": "Cup"}, {"rect": [178, 138, 187, 173], "class": "Fork"}, {"rect": [0, 126, 299, 300], "class": "DiningTable"}, {"rect": [241, 115, 287, 163], "class": "Kettle"}, {"rect": [0, 174, 8, 199], "class": "Mug"}]}
task_0-10/pick_cool_then_place_in_recep/trial_T20190909_070538_437648/50.jpg	{"objects": [{"rect": [102, 93, 136, 115], "class": "LettuceSliced"}, {"rect": [157, 145, 178, 166], "class": "Glassbottle"}, {"rect": [152, 75, 195, 132], "class": "Bread"}, {"rect": [0, 163, 43, 205], "class": "Cabinet"}, {"rect": [0, 1, 299, 300], "class": "Fridge"}, {"rect": [59, 119, 146, 126], "class": "Knife"}, {"rect": [123, 158, 132, 168], "class": "Egg"}]}
task_0-10/pick_cool_then_place_in_recep/trial_T20190909_070538_437648/18.jpg	{"objects": [{"rect": [198, 1, 299, 300], "class": "Fridge"}]}
task_0-10/pick_cool_then_place_in_recep/trial_T20190909_070538_437648/30.jpg	{"objects": [{"rect": [0, 181, 5, 194], "class": "LettuceSliced"}, {"rect": [0, 174, 9, 188], "class": "LettuceSliced"}, {"rect": [0, 168, 11, 184], "class": "LettuceSliced"}, {"rect": [0, 163, 13, 180], "class": "LettuceSliced"}, {"rect": [0, 159, 15, 176], "class": "LettuceSliced"}, {"rect": [0, 155, 16, 169], "class": "LettuceSliced"}, {"rect": [0, 144, 20, 166], "class": "LettuceSliced"}, {"rect": [2, 39, 35, 101], "class": "WineBottle"}, {"rect": [18, 112, 48, 147], "class": "Cup"}, {"rect": [0, 139, 2, 142], "class": "Fork"}, {"rect": [0, 82, 102, 300], "class": "DiningTable"}, {"rect": [0, 69, 18, 106], "class": "Kettle"}]}
task_0-10/pick_cool_then_place_in_recep/trial_T20190909_070538_437648/64.jpg	{"objects": [{"rect": [236, 1, 299, 206], "class": "Fridge"}]}
task_0-10/pick_cool_then_place_in_recep/trial_T20190909_070538_437648/8.jpg	{"objects": [{"rect": [138, 97, 144, 122], "class": "ButterKnife"}, {"rect": [102, 85, 115, 103], "class": "Apple"}, {"rect": [247, 71, 283, 139], "class": "WineBottle"}, {"rect": [87, 79, 110, 138], "class": "SoapBottle"}, {"rect": [48, 130, 67, 151], "class": "Apple"}, {"rect": [170, 131, 200, 169], "class": "Cup"}, {"rect": [175, 107, 181, 132], "class": "Fork"}, {"rect": [0, 98, 299, 261], "class": "DiningTable"}, {"rect": [229, 84, 264, 126], "class": "Kettle"}, {"rect": [114, 121, 166, 151], "class": "Lettuce"}, {"rect": [110, 170, 174, 178], "class": "Knife"}, {"rect": [2, 125, 29, 154], "class": "Mug"}]}
task_0-10/pick_cool_then_place_in_recep/trial_T20190909_070538_437648/14.jpg	{"objects": [{"rect": [210, 159, 299, 300], "class": "DiningTable"}, {"rect": [184, 1, 299, 206], "class": "Fridge"}, {"rect": [294, 181, 299, 200], "class": "Mug"}]}
task_0-10/pick_cool_then_place_in_recep/trial_T20190909_070538_437648/49.jpg	{"objects": [{"rect": [0, 1, 299, 233], "class": "Fridge"}]}
task_0-10/pick_cool_then_place_in_recep/trial_T20190909_070538_437648/40.jpg	{"objects": [{"rect": [258, 276, 299, 300], "class": "DiningTable"}, {"rect": [190, 1, 299, 284], "class": "Fridge"}]}
task_0-10/pick_cool_then_place_in_recep/trial_T20190909_070538_437648/42.jpg	{"objects": [{"rect": [198, 1, 299, 300], "class": "Fridge"}]}
task_0-10/pick_cool_then_place_in_recep/trial_T20190909_070538_437648/61.jpg	{"objects": [{"rect": [125, 38, 146, 57], "class": "Tomato"}, {"rect": [78, 26, 229, 161], "class": "DiningTable"}, {"rect": [119, 86, 171, 181], "class": "Chair"}]}
task_0-10/pick_cool_then_place_in_recep/trial_T20190909_070538_437648/47.jpg	{"objects": [{"rect": [157, 145, 178, 166], "class": "Glassbottle"}, {"rect": [152, 75, 195, 132], "class": "Bread"}, {"rect": [0, 163, 43, 205], "class": "Cabinet"}, {"rect": [0, 1, 299, 300], "class": "Fridge"}, {"rect": [59, 119, 146, 126], "class": "Knife"}, {"rect": [123, 158, 132, 168], "class": "Egg"}]}
task_0-10/pick_cool_then_place_in_recep/trial_T20190909_070538_437648/20.jpg	{"objects": [{"rect": [12, 96, 84, 163], "class": "Cabinet"}, {"rect": [75, 96, 133, 163], "class": "Cabinet"}, {"rect": [248, 119, 267, 160], "class": "Drawer"}, {"rect": [223, 141, 258, 232], "class": "Cabinet"}, {"rect": [231, 78, 253, 126], "class": "Drawer"}, {"rect": [213, 98, 246, 200], "class": "Cabinet"}, {"rect": [0, 24, 299, 135], "class": "CounterTop"}, {"rect": [12, 31, 124, 61], "class": "Sink"}, {"rect": [209, 59, 299, 300], "class": "Fridge"}, {"rect": [283, 26, 299, 81], "class": "Microwave"}, {"rect": [49, 56, 108, 58], "class": "SinkBasin"}, {"rect": [144, 48, 156, 62], "class": "DishSponge"}]}
task_0-10/pick_cool_then_place_in_recep/trial_T20190909_070538_437648/22.jpg	{"objects": [{"rect": [0, 1, 299, 233], "class": "Fridge"}]}
task_0-10/pick_cool_then_place_in_recep/trial_T20190909_070538_437648/3.jpg	{"objects": [{"rect": [280, 120, 299, 203], "class": "DiningTable"}, {"rect": [237, 202, 299, 299], "class": "Chair"}]}
task_0-10/pick_cool_then_place_in_recep/trial_T20190909_070538_437648/44.jpg	{"objects": [{"rect": [12, 96, 84, 163], "class": "Cabinet"}, {"rect": [75, 96, 133, 163], "class": "Cabinet"}, {"rect": [248, 119, 267, 160], "class": "Drawer"}, {"rect": [223, 141, 258, 232], "class": "Cabinet"}, {"rect": [231, 78, 253, 126], "class": "Drawer"}, {"rect": [213, 98, 246, 200], "class": "Cabinet"}, {"rect": [0, 24, 299, 135], "class": "CounterTop"}, {"rect": [12, 31, 124, 61], "class": "Sink"}, {"rect": [209, 59, 299, 300], "class": "Fridge"}, {"rect": [283, 26, 299, 81], "class": "Microwave"}, {"rect": [49, 56, 108, 58], "class": "SinkBasin"}, {"rect": [144, 48, 156, 62], "class": "DishSponge"}]}
